[
	{
		"vtmPoolName": "Pool.Prd-APP01",
		"vtmNodesInPool_A": [
			"WJ-WF033.slc1.prod.local"
		],
		"vtmNodesInPool_B": [
			"WJ-WF061.slc1.prod.local"
		],
		"properties": [
			{
				"name": "CONSUL_ENV",
				"value": "prod"
			},
			{
				"name": "CONSUL_POD",
				"value": "PMWFE-001"
			},
			{
				"name": "sessionStateServer",
				"value": "WJ-SSS01.SLC1.Prod.Local"
			},
			{
				"name": "domain",
				"value": "slc1"
			}
		]
	},
	{
		"vtmPoolName": "Pool.Prd-APP02",
		"vtmNodesInPool_A": [],
		"vtmNodesInPool_B": [],
		"properties": [
			{
				"name": "CONSUL_ENV",
				"value": "prod"
			},
			{
				"name": "CONSUL_POD",
				"value": "PMWFE-002"
			},
			{
				"name": "sessionStateServer",
				"value": "WJ-SSS02.SLC1.Prod.Local"
			},
			{
				"name": "domain",
				"value": "slc1"
			}
		]
	},
	{
		"vtmPoolName": "Pool.Prd-APP03",
		"vtmNodesInPool_A": [],
		"vtmNodesInPool_B": [],
		"properties": [
			{
				"name": "CONSUL_ENV",
				"value": "prod"
			},
			{
				"name": "CONSUL_POD",
				"value": "PMWFE-003"
			},
			{
				"name": "sessionStateServer",
				"value": "WJ-SSS03.SLC1.Prod.Local"
			},
			{
				"name": "domain",
				"value": "slc1"
			}
		]
	},
	{
		"vtmPoolName": "Pool.Prd-APP04",
		"vtmNodesInPool_A": [],
		"vtmNodesInPool_B": [],
		"properties": [
			{
				"name": "CONSUL_ENV",
				"value": "prod"
			},
			{
				"name": "CONSUL_POD",
				"value": "PMWFE-004"
			},
			{
				"name": "sessionStateServer",
				"value": "WJ-SSS04.SLC1.Prod.Local"
			},
			{
				"name": "domain",
				"value": "slc1"
			}
		]
	},
	{
		"vtmPoolName": "Pool.Prd-APP05",
		"vtmNodesInPool_A": [],
		"vtmNodesInPool_B": [],
		"properties": [
			{
				"name": "CONSUL_ENV",
				"value": "prod"
			},
			{
				"name": "CONSUL_POD",
				"value": "PMWFE-005"
			},
			{
				"name": "sessionStateServer",
				"value": "WJ-SSS05.SLC1.Prod.Local"
			},
			{
				"name": "domain",
				"value": "slc1"
			}
		]
	},
	{
		"vtmPoolName": "Pool.Prd-APP06",
		"vtmNodesInPool_A": [],
		"vtmNodesInPool_B": [],
		"properties": [
			{
				"name": "CONSUL_ENV",
				"value": "prod"
			},
			{
				"name": "CONSUL_POD",
				"value": "PMWFE-006"
			},
			{
				"name": "sessionStateServer",
				"value": "WJ-SSS06.SLC1.Prod.Local"
			},
			{
				"name": "domain",
				"value": "slc1"
			}
		]
	},
	{
		"vtmPoolName": "Pool.Prd-EHR01",
		"vtmNodesInPool_A": [
			"CB-EHR20.SLC1.Prod.Local"
		],
		"vtmNodesInPool_B": [
			"CB-EHR21.SLC1.Prod.Local"
		],
		"properties": [
			{
				"name": "CONSUL_ENV",
				"value": "prod"
			},
			{
				"name": "CONSUL_POD",
				"value": "WCWFE-001"
			},
			{
				"name": "sessionStateServer",
				"value": "WJ-SSS01.SLC1.Prod.Local"
			},
			{
				"name": "domain",
				"value": "slc1"
			}
		]
	},
	{
		"vtmPoolName": "Pool.Prd-EHR02",
		"vtmNodesInPool_A": [],
		"vtmNodesInPool_B": [],
		"properties": [
			{
				"name": "CONSUL_ENV",
				"value": "prod"
			},
			{
				"name": "CONSUL_POD",
				"value": "WCWFE-002"
			},
			{
				"name": "sessionStateServer",
				"value": "WJ-SSS02.SLC1.Prod.Local"
			},
			{
				"name": "domain",
				"value": "slc1"
			}
		]
	},
	{
		"vtmPoolName": "Pool.Prd-EHR03",
		"vtmNodesInPool_A": [],
		"vtmNodesInPool_B": [],
		"properties": [
			{
				"name": "CONSUL_ENV",
				"value": "prod"
			},
			{
				"name": "CONSUL_POD",
				"value": "WCWFE-003"
			},
			{
				"name": "sessionStateServer",
				"value": "WJ-SSS03.SLC1.Prod.Local"
			},
			{
				"name": "domain",
				"value": "slc1"
			}
		]
	},
	{
		"vtmPoolName": "Pool.Prd-EHR04",
		"vtmNodesInPool_A": [],
		"vtmNodesInPool_B": [
			"CB-EHR43.slc1.prod.local"
		],
		"properties": [
			{
				"name": "CONSUL_ENV",
				"value": "prod"
			},
			{
				"name": "CONSUL_POD",
				"value": "WCWFE-004"
			},
			{
				"name": "sessionStateServer",
				"value": "WJ-SSS04.SLC1.Prod.Local"
			},
			{
				"name": "domain",
				"value": "slc1"
			}
		]
	},
	{
		"vtmPoolName": "Pool.Prd-EHR05",
		"vtmNodesInPool_A": [],
		"vtmNodesInPool_B": [],
		"properties": [
			{
				"name": "CONSUL_ENV",
				"value": "prod"
			},
			{
				"name": "CONSUL_POD",
				"value": "WCWFE-005"
			},
			{
				"name": "sessionStateServer",
				"value": "WJ-SSS05.SLC1.Prod.Local"
			},
			{
				"name": "domain",
				"value": "slc1"
			}
		]
	},
	{
		"vtmPoolName": "Pool.Prd-EHR06",
		"vtmNodesInPool_A": [],
		"vtmNodesInPool_B": [
			"WJ-EHR341.slc1.prod.local"
		],
		"properties": [
			{
				"name": "CONSUL_ENV",
				"value": "prod"
			},
			{
				"name": "CONSUL_POD",
				"value": "WCWFE-006"
			},
			{
				"name": "sessionStateServer",
				"value": "WJ-SSS06.SLC1.Prod.Local"
			},
			{
				"name": "domain",
				"value": "slc1"
			}
		]
	},
	{
		"vtmPoolName": "Pool.Prd-PM-WFE-20",
		"vtmNodesInPool_A": [
			"CB-PM01.SLC1.Prod.local"
		],
		"vtmNodesInPool_B": [
			"CB-PM13.SLC1.Prod.local"
		],
		"properties": [
			{
				"name": "CONSUL_ENV",
				"value": "prod"
			},
			{
				"name": "CONSUL_POD",
				"value": "PMWFE-020"
			},
			{
				"name": "sessionStateServer",
				"value": "WJ-SSS08.SLC1.Prod.Local"
			},
			{
				"name": "domain",
				"value": "slc1"
			}
		]
	},
	{
		"vtmPoolName": "Pool.Prd-PM-WFE-21",
		"vtmNodesInPool_A": [
			"WJ-WF012.slc1.prod.local"
		],
		"vtmNodesInPool_B": [
			"Wj-WF024.slc1.prod.local"
		],
		"properties": [
			{
				"name": "CONSUL_ENV",
				"value": "prod"
			},
			{
				"name": "CONSUL_POD",
				"value": "PMWFE-021"
			},
			{
				"name": "sessionStateServer",
				"value": "WJ-SSS08.SLC1.Prod.Local"
			},
			{
				"name": "domain",
				"value": "slc1"
			}
		]
	},
	{
		"vtmPoolName": "Pool.Prd-PM-WFE-22",
		"vtmNodesInPool_A": [
			"CB-PM02.slc1.prod.local"
		],
		"vtmNodesInPool_B": [
			"CB-PM03.slc1.prod.local"
		],
		"efPools": [
			{
				"pool": "Pool.Prd-PM-WFE-22_A.EHR",
				"efResourcesInPool": [
					"CB-PM02_EHR",
					"CB-PM03_EHR"
				]
			},
			{
				"efPool": "Pool.Prd-PM-WFE-22_A.PM",
				"efResourcesInPool": [
					"CB-PM02_PM",
					"CB-PM03_PM"
				]
			},
			{
				"efPool": "Pool.Prd-PM-WFE-22_A.TT",
				"efResourcesInPool": [
					"CB-PM02_TT",
					"CB-PM03_TT"
				]
			},
			{
				"pool": "Pool.Prd-PM-WFE-22_B.EHR",
				"efResourcesInPool": [
					"CB-PM02_EHR",
					"CB-PM03_EHR"
				]
			},
			{
				"efPool": "Pool.Prd-PM-WFE-22_B.PM",
				"efResourcesInPool": [
					"CB-PM02_PM",
					"CB-PM03_PM"
				]
			},
			{
				"efPool": "Pool.Prd-PM-WFE-22_B.TT",
				"efResourcesInPool": [
					"CB-PM02_TT",
					"CB-PM03_TT"
				]
			}
		],
		"properties": [
			{
				"name": "CONSUL_ENV",
				"value": "prod"
			},
			{
				"name": "CONSUL_POD",
				"value": "PMWFE-022"
			},
			{
				"name": "sessionStateServer",
				"value": "WJ-SSS01.SLC1.Prod.Local"
			},
			{
				"name": "domain",
				"value": "slc1"
			}
		]
	},
	{
		"vtmPoolName": "Pool.Prd-PM-WFE-23",
		"vtmNodesInPool_A": [
			"wj-pmwfe105.slc1.prod.local"
		],
		"vtmNodesInPool_B": [
			"wj-pmwfe106.slc1.prod.local"
		],
		"properties": [
			{
				"name": "CONSUL_ENV",
				"value": "prod"
			},
			{
				"name": "CONSUL_POD",
				"value": "PMWFE-023"
			},
			{
				"name": "sessionStateServer",
				"value": "WJ-SSS01.SLC1.Prod.Local"
			},
			{
				"name": "domain",
				"value": "slc1"
			}
		]
	},
	{
		"vtmPoolName": "Pool.Prd-PM-WFE-24",
		"vtmNodesInPool_A": [
			"CB-PM09.slc1.prod.local"
		],
		"vtmNodesInPool_B": [
			"CB-PM10.slc1.prod.local"
		],
		"properties": [
			{
				"name": "CONSUL_ENV",
				"value": "prod"
			},
			{
				"name": "CONSUL_POD",
				"value": "PMWFE-024"
			},
			{
				"name": "sessionStateServer",
				"value": "WJ-SSS02.SLC1.Prod.Local"
			},
			{
				"name": "domain",
				"value": "slc1"
			}
		]
	},
	{
		"vtmPoolName": "Pool.Prd-PM-WFE-25",
		"vtmNodesInPool_A": [
			"CB-PM18.slc1.prod.local"
		],
		"vtmNodesInPool_B": [
			"CB-PM19.slc1.prod.local"
		],
		"properties": [
			{
				"name": "CONSUL_ENV",
				"value": "prod"
			},
			{
				"name": "CONSUL_POD",
				"value": "PMWFE-25"
			},
			{
				"name": "sessionStateServer",
				"value": "WJ-SSS03.SLC1.Prod.Local"
			},
			{
				"name": "domain",
				"value": "slc1"
			}
		]
	},
	{
		"vtmPoolName": "Pool.Prd-PM-WFE-26",
		"vtmNodesInPool_A": [
			"CB-PM25.slc1.prod.local"
		],
		"vtmNodesInPool_B": [
			"CB-PM26.slc1.prod.local"
		],
		"properties": [
			{
				"name": "CONSUL_ENV",
				"value": "prod"
			},
			{
				"name": "CONSUL_POD",
				"value": "PMWFE-026"
			},
			{
				"name": "sessionStateServer",
				"value": "WJ-SSS04.SLC1.Prod.Local"
			},
			{
				"name": "domain",
				"value": "slc1"
			}
		]
	},
	{
		"vtmPoolName": "Pool.Prd-PM-WFE-27",
		"vtmNodesInPool_A": [
			"CB-PM34.slc1.prod.local"
		],
		"vtmNodesInPool_B": [
			"CB-PM35.slc1.prod.local"
		],
		"properties": [
			{
				"name": "CONSUL_ENV",
				"value": "prod"
			},
			{
				"name": "CONSUL_POD",
				"value": "PMWFE-027"
			},
			{
				"name": "sessionStateServer",
				"value": "WJ-SSS05.SLC1.Prod.Local"
			},
			{
				"name": "domain",
				"value": "slc1"
			}
		]
	},
	{
		"vtmPoolName": "Pool.Prd-PM-WFE-28",
		"vtmNodesInPool_A": [
			"WJ-API002.slc1.prod.local"
		],
		"vtmNodesInPool_B": [
			"WJ-API001.slc1.prod.local"
		],
		"properties": [
			{
				"name": "CONSUL_ENV",
				"value": "prod"
			},
			{
				"name": "CONSUL_POD",
				"value": "PMWFE-028"
			},
			{
				"name": "sessionStateServer",
				"value": "WJ-SSS06.SLC1.Prod.Local"
			},
			{
				"name": "domain",
				"value": "slc1"
			}
		]
	},
	{
		"vtmPoolName": "Pool.Prd-PM-WFE-33",
		"vtmNodesInPool_A": [
			"WJ-PMWFE154.slc1.prod.local"
		],
		"vtmNodesInPool_B": [
			"WJ-PMWFE155.slc1.prod.local"
		],
		"properties": [
			{
				"name": "CONSUL_ENV",
				"value": "prod"
			},
			{
				"name": "CONSUL_POD",
				"value": "PMWFE-034"
			},
			{
				"name": "sessionStateServer",
				"value": "WJ-SSS07.SLC1.Prod.Local"
			},
			{
				"name": "domain",
				"value": "slc1"
			}
		]
	},
	{
		"vtmPoolName": "Pool.Prd-PM-WFE-34",
		"vtmNodesInPool_A": [
			"WJ-PMWFE142.slc1.prod.local"
		],
		"vtmNodesInPool_B": [
			"WJ-PMWFE143.slc1.prod.local"
		],
		"properties": [
			{
				"name": "CONSUL_ENV",
				"value": "prod"
			},
			{
				"name": "CONSUL_POD",
				"value": "PMWFE-034"
			},
			{
				"name": "sessionStateServer",
				"value": "WJ-SSS07.SLC1.Prod.Local"
			},
			{
				"name": "domain",
				"value": "slc1"
			}
		]
	},
	{
		"vtmPoolName": "Pool.Prd-PM-WFE-35",
		"vtmNodesInPool_A": [
			"wj-pmwfe132.slc1.prod.local"
		],
		"vtmNodesInPool_B": [
			"wj-pmwfe133.slc1.prod.local"
		],
		"properties": [
			{
				"name": "CONSUL_ENV",
				"value": "prod"
			},
			{
				"name": "CONSUL_POD",
				"value": "PMWFE-035"
			},
			{
				"name": "sessionStateServer",
				"value": "WJ-SSS07.SLC1.Prod.Local"
			},
			{
				"name": "domain",
				"value": "slc1"
			}
		]
	},
	{
		"vtmPoolName": "Pool.Prd-PM-WFE-99",
		"vtmNodesInPool_A": [
			"wj-PMWFE152.slc1.prod.local"
		],
		"vtmNodesInPool_B": [
			"wj-PMWFE153.slc1.prod.local"
		],
		"properties": [
			{
				"name": "CONSUL_ENV",
				"value": "prod"
			},
			{
				"name": "CONSUL_POD",
				"value": "PMWFE-099"
			},
			{
				"name": "sessionStateServer",
				"value": "WJ-SSS09.SLC1.Prod.Local"
			},
			{
				"name": "domain",
				"value": "slc1"
			}
		]
	},
	{
		"vtmPoolName": "Pool.Prd-PMWFE-100",
		"vtmNodesInPool_A": [
			"prdw2wfe00f3f9.prd.advancedmd.com",
			"prdw2wfe05133b.prd.advancedmd.com",
			"prdw2wfe00b5e2.prd.advancedmd.com",
			"prdw2wfe08c183.prd.advancedmd.com",
			"prdw2wfe0b65ef.prd.advancedmd.com"
		],
		"vtmNodesInPool_B": [
			"prdw2wfe0164ea.prd.advancedmd.com",
			"prdw2wfe090d80.prd.advancedmd.com",
			"prdw2wfe095dbf.prd.advancedmd.com",
			"prdw2wfe0b9844.prd.advancedmd.com",
			"prdw2wfe0fc05f.prd.advancedmd.com"
		],
		"properties": [
			{
				"name": "ASPNETCORE_ENVIRONMENT",
				"value": "Production"
			},
			{
				"name": "CONSUL_ENV",
				"value": "prod"
			},
			{
				"name": "CONSUL_POD",
				"value": "empty"
			},
			{
				"name": "sessionStateServer",
				"value": "empty"
			},
			{
				"name": "domain",
				"value": "aws"
			}
		]
	},
	{
		"vtmPoolName": "Pool.Prd-PMWFE-101",
		"vtmNodesInPool_A": [
			"prdw2wfe054a5e.prd.advancedmd.com",
			"prdw2wfe08f7d6.prd.advancedmd.com",
			"prdw2wfe0423b7.prd.advancedmd.com"
		],
		"vtmNodesInPool_B": [
			"prdw2wfe02492a.prd.advancedmd.com",
			"prdw2wfe0a38ac.prd.advancedmd.com",
			"prdw2wfe0173b3.prd.advancedmd.com"
		],
		"properties": [
			{
				"name": "ASPNETCORE_ENVIRONMENT",
				"value": "Production"
			},
			{
				"name": "CONSUL_ENV",
				"value": "prod"
			},
			{
				"name": "CONSUL_POD",
				"value": "empty"
			},
			{
				"name": "sessionStateServer",
				"value": "empty"
			},
			{
				"name": "domain",
				"value": "aws"
			}
		]
	},
	{
		"vtmPoolName": "Pool.Prd-PMWFE-102",
		"vtmNodesInPool_A": [
			"prdw2wfe06247f.prd.advancedmd.com",
			"prdw2wfe036612.prd.advancedmd.com",
			"prdw2wfe0206fe.prd.advancedmd.com"
		],
		"vtmNodesInPool_B": [
			"prdw2wfe01de5a.prd.advancedmd.com",
			"prdw2wfe029539.prd.advancedmd.com",
			"prdw2wfe0f73a1.prd.advancedmd.com"
		],
		"properties": [
			{
				"name": "ASPNETCORE_ENVIRONMENT",
				"value": "Production"
			},
			{
				"name": "CONSUL_ENV",
				"value": "prod"
			},
			{
				"name": "CONSUL_POD",
				"value": "empty"
			},
			{
				"name": "sessionStateServer",
				"value": "empty"
			},
			{
				"name": "domain",
				"value": "aws"
			}
		]
	},
	{
		"vtmPoolName": "Pool.Prd-WebClinical-20",
		"vtmNodesInPool_A": [
			"CB-EHR01.SLC1.Prod.local"
		],
		"vtmNodesInPool_B": [
			"CB-EHR34.SLC1.Prod.local"
		],
		"properties": [
			{
				"name": "CONSUL_ENV",
				"value": "prod"
			},
			{
				"name": "CONSUL_POD",
				"value": "WCWFE-020"
			},
			{
				"name": "sessionStateServer",
				"value": "WJ-SSS08.SLC1.Prod.Local"
			},
			{
				"name": "domain",
				"value": "slc1"
			}
		]
	},
	{
		"vtmPoolName": "Pool.Prd-WebClinical-21",
		"vtmNodesInPool_A": [
			"CB-EHR41.SLC1.Prod.local"
		],
		"vtmNodesInPool_B": [
			"CB-EHR75.SLC1.PROD.LOCAL"
		],
		"properties": [
			{
				"name": "CONSUL_ENV",
				"value": "prod"
			},
			{
				"name": "CONSUL_POD",
				"value": "WCWFE-021"
			},
			{
				"name": "sessionStateServer",
				"value": "WJ-SSS01.SLC1.Prod.Local"
			},
			{
				"name": "domain",
				"value": "slc1"
			}
		]
	},
	{
		"vtmPoolName": "Pool.Prd-WebClinical-22",
		"vtmNodesInPool_A": [
			"CB-EHR03.SLC1.Prod.Local"
		],
		"vtmNodesInPool_B": [
			"CB-EHR04.SLC1.Prod.Local"
		],
		"properties": [
			{
				"name": "CONSUL_ENV",
				"value": "prod"
			},
			{
				"name": "CONSUL_POD",
				"value": "WCWFE-022"
			},
			{
				"name": "sessionStateServer",
				"value": "WJ-SSS01.SLC1.Prod.Local"
			},
			{
				"name": "domain",
				"value": "slc1"
			}
		]
	},
	{
		"vtmPoolName": "Pool.Prd-WebClinical-23",
		"vtmNodesInPool_A": [
			""
		],
		"vtmNodesInPool_B": [
			""
		],
		"properties": [
			{
				"name": "CONSUL_ENV",
				"value": "prod"
			},
			{
				"name": "CONSUL_POD",
				"value": "WCWFE-023"
			},
			{
				"name": "sessionStateServer",
				"value": "WJ-SSS01.SLC1.Prod.Local"
			},
			{
				"name": "domain",
				"value": "slc1"
			}
		]
	},
	{
		"vtmPoolName": "Pool.Prd-WebClinical-24",
		"vtmNodesInPool_A": [
			"CB-EHR44.SLC1.Prod.Local"
		],
		"vtmNodesInPool_B": [
			"CB-EHR45.SLC1.Prod.Local"
		],
		"properties": [
			{
				"name": "CONSUL_ENV",
				"value": "prod"
			},
			{
				"name": "CONSUL_POD",
				"value": "WCWFE-024"
			},
			{
				"name": "sessionStateServer",
				"value": "WJ-SSS02.SLC1.Prod.Local"
			},
			{
				"name": "domain",
				"value": "slc1"
			}
		]
	},
	{
		"vtmPoolName": "Pool.Prd-WebClinical-25",
		"vtmNodesInPool_A": [
			"WJ-EHR302.SLC1.Prod.Local"
		],
		"vtmNodesInPool_B": [
			"WJ-EHR303.SLC1.Prod.Local"
		],
		"properties": [
			{
				"name": "CONSUL_ENV",
				"value": "prod"
			},
			{
				"name": "CONSUL_POD",
				"value": "WCWFE-025"
			},
			{
				"name": "sessionStateServer",
				"value": "WJ-SSS03.SLC1.Prod.Local"
			},
			{
				"name": "domain",
				"value": "slc1"
			}
		]
	},
	{
		"vtmPoolName": "Pool.Prd-WebClinical-26",
		"vtmNodesInPool_A": [
			"CB-EHR22.slc1.prod.local"
		],
		"vtmNodesInPool_B": [
			"CB-EHR23.slc1.prod.local"
		],
		"properties": [
			{
				"name": "CONSUL_ENV",
				"value": "prod"
			},
			{
				"name": "CONSUL_POD",
				"value": "WCWFE-026"
			},
			{
				"name": "sessionStateServer",
				"value": "WJ-SSS04.SLC1.Prod.Local"
			},
			{
				"name": "domain",
				"value": "slc1"
			}
		]
	},
	{
		"vtmPoolName": "Pool.Prd-WebClinical-27",
		"vtmNodesInPool_A": [
			"CB-EHR66.slc1.prod.local"
		],
		"vtmNodesInPool_B": [
			"CB-EHR67.slc1.prod.local"
		],
		"properties": [
			{
				"name": "CONSUL_ENV",
				"value": "prod"
			},
			{
				"name": "CONSUL_POD",
				"value": "WCWFE-027"
			},
			{
				"name": "sessionStateServer",
				"value": "WJ-SSS05.SLC1.Prod.Local"
			},
			{
				"name": "domain",
				"value": "slc1"
			}
		]
	},
	{
		"vtmPoolName": "Pool.Prd-WebClinical-28",
		"vtmNodesInPool_A": [
			"WJ-EHR322.SLC1.Prod.Local"
		],
		"vtmNodesInPool_B": [
			"WJ-EHR323.SLC1.Prod.Local"
		],
		"properties": [
			{
				"name": "CONSUL_ENV",
				"value": "prod"
			},
			{
				"name": "CONSUL_POD",
				"value": "WCWFE-028"
			},
			{
				"name": "sessionStateServer",
				"value": "WJ-SSS06.SLC1.Prod.Local"
			},
			{
				"name": "domain",
				"value": "slc1"
			}
		]
	},
	{
		"vtmPoolName": "Pool.Prd-WebClinical-33",
		"vtmNodesInPool_A": [
			"WJ-WCWFE154.slc1.prod.local"
		],
		"vtmNodesInPool_B": [
			"WJ-WCWFE155.slc1.prod.local"
		],
		"properties": [
			{
				"name": "CONSUL_ENV",
				"value": "prod"
			},
			{
				"name": "CONSUL_POD",
				"value": "WCWFE-033"
			},
			{
				"name": "sessionStateServer",
				"value": "WJ-SSS06.SLC1.Prod.Local"
			},
			{
				"name": "domain",
				"value": "slc1"
			}
		]
	},
	{
		"vtmPoolName": "Pool.Prd-WebClinical-34",
		"vtmNodesInPool_A": [
			"WJ-WCWFE142.SLC1.PROD.LOCAL"
		],
		"vtmNodesInPool_B": [
			"WJ-WCWFE143.SLC1.PROD.LOCAL"
		],
		"properties": [
			{
				"name": "CONSUL_ENV",
				"value": "prod"
			},
			{
				"name": "CONSUL_POD",
				"value": "WCWFE-034"
			},
			{
				"name": "sessionStateServer",
				"value": "WJ-SSS07.SLC1.Prod.Local"
			},
			{
				"name": "domain",
				"value": "slc1"
			}
		]
	},
	{
		"vtmPoolName": "Pool.Prd-WebClinical-35",
		"vtmNodesInPool_A": [
			"wj-wcwfe130.slc1.prod.local"
		],
		"vtmNodesInPool_B": [
			"wj-wcwfe131.slc1.prod.local"
		],
		"properties": [
			{
				"name": "CONSUL_ENV",
				"value": "prod"
			},
			{
				"name": "CONSUL_POD",
				"value": "PMWFE-035"
			},
			{
				"name": "sessionStateServer",
				"value": "WJ-SSS07.SLC1.Prod.Local"
			},
			{
				"name": "domain",
				"value": "slc1"
			}
		]
	},
	{
		"vtmPoolName": "Pool.Prd-WebClinical-99",
		"vtmNodesInPool_A": [
			"wj-WCWFE152.slc1.prod.local"
		],
		"vtmNodesInPool_B": [
			"wj-WCWFE153.slc1.prod.local"
		],
		"properties": [
			{
				"name": "CONSUL_ENV",
				"value": "prod"
			},
			{
				"name": "CONSUL_POD",
				"value": "WCWFE-099"
			},
			{
				"name": "sessionStateServer",
				"value": "WJ-SSS09.SLC1.Prod.Local"
			},
			{
				"name": "domain",
				"value": "slc1"
			}
		]
	},
	{
		"vtmPoolName": "Pool.Prd-WCWFE-100",
		"vtmNodesInPool_A": [
			"prdw2wfe0f5a00.prd.advancedmd.com",
			"prdw2wfe08841f.prd.advancedmd.com",
			"prdw2wfe03e362.prd.advancedmd.com",
			"prdw2wfe0fb587.prd.advancedmd.com",
			"prdw2wfe08c663.prd.advancedmd.com"
		],
		"vtmNodesInPool_B": [
			"prdw2wfe01ee84.prd.advancedmd.com",
			"prdw2wfe0bff93.prd.advancedmd.com",
			"prdw2wfe0d2942.prd.advancedmd.com",
			"prdw2wfe0d067a.prd.advancedmd.com"
		],
		"properties": [
			{
				"name": "CONSUL_ENV",
				"value": "prod"
			},
			{
				"name": "CONSUL_POD",
				"value": "WCWFE-100"
			},
			{
				"name": "sessionStateServer",
				"value": "prd-listsss02.prd.advancedmd.com"
			},
			{
				"name": "domain",
				"value": "aws"
			}
		]
	},
	{
		"vtmPoolName": "Pool.Prd-WCWFE-101",
		"vtmNodesInPool_A": [
			"prdw2wfe0c86d7.prd.advancedmd.com",
			"prdw2wfe016461.prd.advancedmd.com",
			"prdw2wfe0f7683.prd.advancedmd.com"
		],
		"vtmNodesInPool_B": [
			"prdw2wfe0b60df.prd.advancedmd.com",
			"prdw2wfe053ac5.prd.advancedmd.com",
			"prdw2wfe04eff4.prd.advancedmd.com"
		],
		"properties": [
			{
				"name": "ASPNETCORE_ENVIRONMENT",
				"value": "Production"
			},
			{
				"name": "CONSUL_ENV",
				"value": "prod"
			},
			{
				"name": "CONSUL_POD",
				"value": "empty"
			},
			{
				"name": "sessionStateServer",
				"value": "empty"
			},
			{
				"name": "domain",
				"value": "aws"
			}
		]
	},
	{
		"vtmPoolName": "Pool.Prd-WCWFE-102",
		"vtmNodesInPool_A": [
			"prdw2wfe0d8d1f.prd.advancedmd.com",
			"prdw2wfe060b20.prd.advancedmd.com",
			"prdw2wfe002dcd.prd.advancedmd.com"
		],
		"vtmNodesInPool_B": [
			"prdw2wfe0475a5.prd.advancedmd.com",
			"prdw2wfe0226c3.prd.advancedmd.com",
			"prdw2wfe0c32ef.prd.advancedmd.com"
		],
		"properties": [
			{
				"name": "CONSUL_ENV",
				"value": "prod"
			},
			{
				"name": "CONSUL_POD",
				"value": "WCWFE-102"
			},
			{
				"name": "sessionStateServer",
				"value": "prd-listsss02.prd.advancedmd.com"
			},
			{
				"name": "domain",
				"value": "slc1"
			}
		]
	},
	{
		"vtmPoolName": "Pool.Prd-PMWFE-103",
		"vtmNodesInPool_A": [
			"prdw2wfe027b12.prd.advancedmd.com",
			"prdw2wfe0f44c0.prd.advancedmd.com",
			"prdw2wfe0c134f.prd.advancedmd.com"
		],
		"vtmNodesInPool_B": [
			"prdw2wfe029182.prd.advancedmd.com",
			"prdw2wfe0258dc.prd.advancedmd.com",
			"prdw2wfe0afb31.prd.advancedmd.com"
		],
		"properties": [
			{
				"name": "CONSUL_ENV",
				"value": "prod"
			},
			{
				"name": "CONSUL_POD",
				"value": "PMWFE-103"
			},
			{
				"name": "sessionStateServer",
				"value": "WJ-SSS06.SLC1.Prod.Local"
			},
			{
				"name": "domain",
				"value": "prd"
			}
		]
	},
	{
		"vtmPoolName": "Pool.Prd-WCWFE-103",
		"vtmNodesInPool_A": [
			"prdw2wfe0a8295.prd.advancedmd.com",
			"prdw2wfe0e4051.prd.advancedmd.com",
			"prdw2wfe0913b2.prd.advancedmd.com"
		],
		"vtmNodesInPool_B": [
			"prdw2wfe060748.prd.advancedmd.com",
			"prdw2wfe0797c2.prd.advancedmd.com",
			"prdw2wfe06da72.prd.advancedmd.com"
		],
		"properties": [
			{
				"name": "CONSUL_ENV",
				"value": "prod"
			},
			{
				"name": "CONSUL_POD",
				"value": "WCWFE-103"
			},
			{
				"name": "sessionStateServer",
				"value": "WJ-SSS06.SLC1.Prod.Local"
			},
			{
				"name": "domain",
				"value": "prd"
			}
		]
	},
	{
		"vtmPoolName": "Pool.Prd-PMWFE-104",
		"vtmNodesInPool_A": [
			"prdw2wfe05e107.prd.advancedmd.com",
			"prdw2wfe034fad.prd.advancedmd.com",
			"prdw2wfe0bef71.prd.advancedmd.com"
		],
		"vtmNodesInPool_B": [
			"prdw2wfe0ed5b1.prd.advancedmd.com",
			"prdw2wfe08835f.prd.advancedmd.com",
			"prdw2wfe0f85c1.prd.advancedmd.com"
		],
		"properties": [
			{
				"name": "CONSUL_ENV",
				"value": "prod"
			},
			{
				"name": "CONSUL_POD",
				"value": "PMWFE-104"
			},
			{
				"name": "sessionStateServer",
				"value": "WJ-SSS06.SLC1.Prod.Local"
			},
			{
				"name": "domain",
				"value": "prd"
			}
		]
	},
	{
		"vtmPoolName": "Pool.Prd-WCWFE-104",
		"vtmNodesInPool_A": [
			"prdw2wfe0dfacb.prd.advancedmd.com",
			"prdw2wfe022f8c.prd.advancedmd.com",
			"prdw2wfe0580ad.prd.advancedmd.com"
		],
		"vtmNodesInPool_B": [
			"prdw2wfe066b19.prd.advancedmd.com",
			"prdw2wfe0fb005.prd.advancedmd.com",
			"prdw2wfe04b15e.prd.advancedmd.com"
		],
		"properties": [
			{
				"name": "CONSUL_ENV",
				"value": "prod"
			},
			{
				"name": "CONSUL_POD",
				"value": "WCWFE-104"
			},
			{
				"name": "sessionStateServer",
				"value": "WJ-SSS06.SLC1.Prod.Local"
			},
			{
				"name": "domain",
				"value": "prd"
			}
		]
	},
	{
		"vtmPoolName": "Pool.Prd-PMWFE-105",
		"vtmNodesInPool_A": [
			"prdw2wfe0fdc28.prd.advancedmd.com",
			"prdw2wfe0ccd66.prd.advancedmd.com",
			"prdw2wfe0cc046.prd.advancedmd.com"
		],
		"vtmNodesInPool_B": [
			"prdw2wfe0b05d1.prd.advancedmd.com",
			"prdw2wfe042a25.prd.advancedmd.com",
			"prdw2wfe0bac45.prd.advancedmd.com"
		],
		"properties": [
			{
				"name": "CONSUL_ENV",
				"value": "prod"
			},
			{
				"name": "CONSUL_POD",
				"value": "PMWFE-105"
			},
			{
				"name": "sessionStateServer",
				"value": "WJ-SSS06.SLC1.Prod.Local"
			},
			{
				"name": "domain",
				"value": "prd"
			}
		]
	},
	{
		"vtmPoolName": "Pool.Prd-WCWFE-105",
		"vtmNodesInPool_A": [
			"prdw2wfe057861.prd.advancedmd.com",
			"prdw2wfe0388f8.prd.advancedmd.com",
			"prdw2wfe09b2e0.prd.advancedmd.com"
		],
		"vtmNodesInPool_B": [
			"prdw2wfe07561a.prd.advancedmd.com",
			"prdw2wfe089342.prd.advancedmd.com"
		],
		"properties": [
			{
				"name": "CONSUL_ENV",
				"value": "prod"
			},
			{
				"name": "CONSUL_POD",
				"value": "WCWFE-105"
			},
			{
				"name": "sessionStateServer",
				"value": "WJ-SSS06.SLC1.Prod.Local"
			},
			{
				"name": "domain",
				"value": "prd"
			}
		]
	},
	{
		"vtmPoolName": "Pool.Prd-PMWFE-106",
		"vtmNodesInPool_A": [
			"prdw2wfe0143d6.prd.advancedmd.com",
			"prdw2wfe0f24d1.prd.advancedmd.com",
			"prdw2wfe06cdaa.prd.advancedmd.com"
		],
		"vtmNodesInPool_B": [
			"prdw2wfe0add97.prd.advancedmd.com",
			"prdw2wfe0d935d.prd.advancedmd.com",
			"prdw2wfe007ab6.prd.advancedmd.com"
		],
		"properties": [
			{
				"name": "CONSUL_ENV",
				"value": "prod"
			},
			{
				"name": "CONSUL_POD",
				"value": "PMWFE-106"
			},
			{
				"name": "sessionStateServer",
				"value": "WJ-SSS06.SLC1.Prod.Local"
			},
			{
				"name": "domain",
				"value": "prd"
			}
		]
	},
	{
		"vtmPoolName": "Pool.Prd-WCWFE-106",
		"vtmNodesInPool_A": [
			"prdw2wfe0531cf.prd.advancedmd.com",
			"prdw2wfe0cea84.prd.advancedmd.com",
			"prdw2wfe0c4baa.prd.advancedmd.com"
		],
		"vtmNodesInPool_B": [
			"prdw2wfe0cad47.prd.advancedmd.com",
			"prdw2wfe0780a0.prd.advancedmd.com",
			"prdw2wfe0adaef.prd.advancedmd.com"
		],
		"properties": [
			{
				"name": "CONSUL_ENV",
				"value": "prod"
			},
			{
				"name": "CONSUL_POD",
				"value": "WCWFE-106"
			},
			{
				"name": "sessionStateServer",
				"value": "WJ-SSS06.SLC1.Prod.Local"
			},
			{
				"name": "domain",
				"value": "prd"
			}
		]
	},
	{
		"vtmPoolName": "Pool.Prd-PMWFE-107",
		"vtmNodesInPool_A": [
			"prdw2wfe09153a.prd.advancedmd.com",
			"prdw2wfe0be981.prd.advancedmd.com",
			"prdw2wfe0d34c8.prd.advancedmd.com"
		],
		"vtmNodesInPool_B": [
			"prdw2wfe07a68f.prd.advancedmd.com",
			"prdw2wfe059af5.prd.advancedmd.com",
			"prdw2wfe058f4a.prd.advancedmd.com"
		],
		"properties": [
			{
				"name": "CONSUL_ENV",
				"value": "prod"
			},
			{
				"name": "CONSUL_POD",
				"value": "PMWFE-107"
			},
			{
				"name": "sessionStateServer",
				"value": "WJ-SSS06.SLC1.Prod.Local"
			},
			{
				"name": "domain",
				"value": "prd"
			}
		]
	},
	{
		"vtmPoolName": "Pool.Prd-WCWFE-107",
		"vtmNodesInPool_A": [
			"prdw2wfe0cd6e5.prd.advancedmd.com",
			"prdw2wfe0ce362.prd.advancedmd.com",
			"prdw2wfe0c2f17.prd.advancedmd.com"
		],
		"vtmNodesInPool_B": [
			"prdw2wfe03d161.prd.advancedmd.com",
			"prdw2wfe0edfcc.prd.advancedmd.com",
			"prdw2wfe0d47ba.prd.advancedmd.com"
		],
		"properties": [
			{
				"name": "CONSUL_ENV",
				"value": "prod"
			},
			{
				"name": "CONSUL_POD",
				"value": "WCWFE-107"
			},
			{
				"name": "sessionStateServer",
				"value": "WJ-SSS06.SLC1.Prod.Local"
			},
			{
				"name": "domain",
				"value": "prd"
			}
		]
	},
	{
		"vtmPoolName": "Pool.Prd-PMWFE-108",
		"vtmNodesInPool_A": [
			"prdw2wfe080bf0.prd.advancedmd.com",
			"prdw2wfe097fd5.prd.advancedmd.com",
			"prdw2wfe0aada7.prd.advancedmd.com"
		],
		"vtmNodesInPool_B": [
			"prdw2wfe08824c.prd.advancedmd.com",
			"prdw2wfe055efd.prd.advancedmd.com",
			"prdw2wfe04de34.prd.advancedmd.com"
		],
		"properties": [
			{
				"name": "CONSUL_ENV",
				"value": "prod"
			},
			{
				"name": "CONSUL_POD",
				"value": "PMWFE-108"
			},
			{
				"name": "sessionStateServer",
				"value": "WJ-SSS06.SLC1.Prod.Local"
			},
			{
				"name": "domain",
				"value": "prd"
			}
		]
	},
	{
		"vtmPoolName": "Pool.Prd-WCWFE-108",
		"vtmNodesInPool_A": [
			"prdw2wfe029fda.prd.advancedmd.com",
			"prdw2wfe0922a2.prd.advancedmd.com",
			"prdw2wfe019c9d.prd.advancedmd.com"
		],
		"vtmNodesInPool_B": [
			"prdw2wfe0cb378.prd.advancedmd.com",
			"prdw2wfe023f5d.prd.advancedmd.com",
			"prdw2wfe0613b5.prd.advancedmd.com"
		],
		"properties": [
			{
				"name": "CONSUL_ENV",
				"value": "prod"
			},
			{
				"name": "CONSUL_POD",
				"value": "WCWFE-108"
			},
			{
				"name": "sessionStateServer",
				"value": "WJ-SSS06.SLC1.Prod.Local"
			},
			{
				"name": "domain",
				"value": "prd"
			}
		]
	},
	{
		"vtmPoolName": "Pool.Prd-PMWFE-109",
		"vtmNodesInPool_A": [
			"prdw2wfe044b3f.prd.advancedmd.com",
			"prdw2wfe0fcd47.prd.advancedmd.com",
			"prdw2wfe020cad.prd.advancedmd.com"
		],
		"vtmNodesInPool_B": [
			"prdw2wfe07675d.prd.advancedmd.com",
			"prdw2wfe065809.prd.advancedmd.com",
			"prdw2wfe0c84ac.prd.advancedmd.com"
		],
		"properties": [
			{
				"name": "CONSUL_ENV",
				"value": "prod"
			},
			{
				"name": "CONSUL_POD",
				"value": "PMWFE-109"
			},
			{
				"name": "sessionStateServer",
				"value": "WJ-SSS06.SLC1.Prod.Local"
			},
			{
				"name": "domain",
				"value": "prd"
			}
		]
	},
	{
		"vtmPoolName": "Pool.Prd-WCWFE-109",
		"vtmNodesInPool_A": [
			"prdw2wfe069875.prd.advancedmd.com",
			"prdw2wfe0ad9f5.prd.advancedmd.com",
			"prdw2wfe04963f.prd.advancedmd.com"
		],
		"vtmNodesInPool_B": [
			"prdw2wfe0200f0.prd.advancedmd.com",
			"prdw2wfe04141c.prd.advancedmd.com",
			"prdw2wfe0fcd60.prd.advancedmd.com"
		],
		"properties": [
			{
				"name": "CONSUL_ENV",
				"value": "prod"
			},
			{
				"name": "CONSUL_POD",
				"value": "WCWFE-109"
			},
			{
				"name": "sessionStateServer",
				"value": "WJ-SSS06.SLC1.Prod.Local"
			},
			{
				"name": "domain",
				"value": "prd"
			}
		]
	},
	{
		"vtmPoolName": "Pool.Prd-PMWFE-110",
		"vtmNodesInPool_A": [
			"prdw2wfe0946d7.prd.advancedmd.com",
			"prdw2wfe0235ac.prd.advancedmd.com",
			"prdw2wfe0a61ca.prd.advancedmd.com"
		],
		"vtmNodesInPool_B": [
			"prdw2wfe0e26e9.prd.advancedmd.com",
			"prdw2wfe070f0c.prd.advancedmd.com",
			"prdw2wfe041a93.prd.advancedmd.com"
		],
		"properties": [
			{
				"name": "CONSUL_ENV",
				"value": "prod"
			},
			{
				"name": "CONSUL_POD",
				"value": "PMWFE-110"
			},
			{
				"name": "sessionStateServer",
				"value": "WJ-SSS06.SLC1.Prod.Local"
			},
			{
				"name": "domain",
				"value": "prd"
			}
		]
	},
	{
		"vtmPoolName": "Pool.Prd-WCWFE-110",
		"vtmNodesInPool_A": [
			"prdw2wfe0f3eca.prd.advancedmd.com",
			"prdw2wfe0a4635.prd.advancedmd.com",
			"prdw2wfe0b65e2.prd.advancedmd.com"
		],
		"vtmNodesInPool_B": [
			"prdw2wfe07739c.prd.advancedmd.com",
			"prdw2wfe02dae4.prd.advancedmd.com",
			"prdw2wfe0bb8c8.prd.advancedmd.com"
		],
		"properties": [
			{
				"name": "CONSUL_ENV",
				"value": "prod"
			},
			{
				"name": "CONSUL_POD",
				"value": "WCWFE-110"
			},
			{
				"name": "sessionStateServer",
				"value": "WJ-SSS06.SLC1.Prod.Local"
			},
			{
				"name": "domain",
				"value": "prd"
			}
		]
	},
	{
		"vtmPoolName": "Pool.Prd-PMWFE-111",
		"vtmNodesInPool_A": [
			"prdw2wfe0deb57.prd.advancedmd.com",
			"prdw2wfe07b314.prd.advancedmd.com",
			"prdw2wfe0ab541.prd.advancedmd.com"
		],
		"vtmNodesInPool_B": [
			"prdw2wfe079a7d.prd.advancedmd.com",
			"prdw2wfe0834bd.prd.advancedmd.com",
			"prdw2wfe09d466.prd.advancedmd.com"
		],
		"properties": [
			{
				"name": "CONSUL_ENV",
				"value": "prod"
			},
			{
				"name": "CONSUL_POD",
				"value": "PMWFE-111"
			},
			{
				"name": "sessionStateServer",
				"value": "WJ-SSS06.SLC1.Prod.Local"
			},
			{
				"name": "domain",
				"value": "prd"
			}
		]
	},
	{
		"vtmPoolName": "Pool.Prd-WCWFE-111",
		"vtmNodesInPool_A": [
			"prdw2wfe0e2ae2.prd.advancedmd.com",
			"prdw2wfe09d41b.prd.advancedmd.com",
			"prdw2wfe0ae727.prd.advancedmd.com"
		],
		"vtmNodesInPool_B": [
			"prdw2wfe04ce59.prd.advancedmd.com",
			"prdw2wfe02e0f7.prd.advancedmd.com",
			"prdw2wfe09b696.prd.advancedmd.com"
		],
		"properties": [
			{
				"name": "CONSUL_ENV",
				"value": "prod"
			},
			{
				"name": "CONSUL_POD",
				"value": "WCWFE-111"
			},
			{
				"name": "sessionStateServer",
				"value": "WJ-SSS06.SLC1.Prod.Local"
			},
			{
				"name": "domain",
				"value": "prd"
			}
		]
	},
	{
		"vtmPoolName": "Pool.Prd-PMWFE-112",
		"vtmNodesInPool_A": [
			"prdw2wfe0fe98f.prd.advancedmd.com",
			"prdw2wfe08ca94.prd.advancedmd.com",
			"prdw2wfe0afcdc.prd.advancedmd.com"
		],
		"vtmNodesInPool_B": [
			"prdw2wfe0aca11.prd.advancedmd.com",
			"prdw2wfe0561a9.prd.advancedmd.com",
			"prdw2wfe08b509.prd.advancedmd.com"
		],
		"properties": [
			{
				"name": "CONSUL_ENV",
				"value": "prod"
			},
			{
				"name": "CONSUL_POD",
				"value": "PMWFE-112"
			},
			{
				"name": "sessionStateServer",
				"value": "WJ-SSS06.SLC1.Prod.Local"
			},
			{
				"name": "domain",
				"value": "prd"
			}
		]
	},
	{
		"vtmPoolName": "Pool.Prd-WCWFE-112",
		"vtmNodesInPool_A": [
			"prdw2wfe0dfc16.prd.advancedmd.com",
			"prdw2wfe02be6d.prd.advancedmd.com",
			"prdw2wfe07887b.prd.advancedmd.com"
		],
		"vtmNodesInPool_B": [
			"prdw2wfe06805f.prd.advancedmd.com",
			"prdw2wfe02b0f7.prd.advancedmd.com",
			"prdw2wfe07c359.prd.advancedmd.com"
		],
		"properties": [
			{
				"name": "CONSUL_ENV",
				"value": "prod"
			},
			{
				"name": "CONSUL_POD",
				"value": "WCWFE-112"
			},
			{
				"name": "sessionStateServer",
				"value": "WJ-SSS06.SLC1.Prod.Local"
			},
			{
				"name": "domain",
				"value": "prd"
			}
		]
	},
	{
		"vtmPoolName": "Pool.Prd-PMWFE-113",
		"vtmNodesInPool_A": [
			"prdw2wfe0b4258.prd.advancedmd.com",
			"prdw2wfe060573.prd.advancedmd.com",
			"prdw2wfe01ece7.prd.advancedmd.com"
		],
		"vtmNodesInPool_B": [
			"prdw2wfe0888c7.prd.advancedmd.com",
			"prdw2wfe01ba81.prd.advancedmd.com",
			"prdw2wfe002cb0.prd.advancedmd.com"
		],
		"properties": [
			{
				"name": "CONSUL_ENV",
				"value": "prod"
			},
			{
				"name": "CONSUL_POD",
				"value": "PMWFE-113"
			},
			{
				"name": "sessionStateServer",
				"value": "WJ-SSS06.SLC1.Prod.Local"
			},
			{
				"name": "domain",
				"value": "prd"
			}
		]
	},
	{
		"vtmPoolName": "Pool.Prd-WCWFE-113",
		"vtmNodesInPool_A": [
			"prdw2wfe0cdd19.prd.advancedmd.com",
			"prdw2wfe016063.prd.advancedmd.com",
			"prdw2wfe00e95c.prd.advancedmd.com"
		],
		"vtmNodesInPool_B": [
			"prdw2wfe09950e.prd.advancedmd.com",
			"prdw2wfe03caf1.prd.advancedmd.com",
			"prdw2wfe0b611b.prd.advancedmd.com"
		],
		"properties": [
			{
				"name": "CONSUL_ENV",
				"value": "prod"
			},
			{
				"name": "CONSUL_POD",
				"value": "WCWFE-113"
			},
			{
				"name": "sessionStateServer",
				"value": "WJ-SSS06.SLC1.Prod.Local"
			},
			{
				"name": "domain",
				"value": "prd"
			}
		]
	},
	{
		"vtmPoolName": "Pool.Prd-PMWFE-114",
		"vtmNodesInPool_A": [
			"prdw2wfe075efb.prd.advancedmd.com",
			"prdw2wfe073c4b.prd.advancedmd.com",
			"prdw2wfe0d16b4.prd.advancedmd.com"
		],
		"vtmNodesInPool_B": [
			"prdw2wfe0074a3.prd.advancedmd.com",
			"prdw2wfe06b884.prd.advancedmd.com",
			"prdw2wfe013ea5.prd.advancedmd.com"
		],
		"properties": [
			{
				"name": "CONSUL_ENV",
				"value": "prod"
			},
			{
				"name": "CONSUL_POD",
				"value": "PMWFE-114"
			},
			{
				"name": "sessionStateServer",
				"value": "WJ-SSS06.SLC1.Prod.Local"
			},
			{
				"name": "domain",
				"value": "prd"
			}
		]
	},
	{
		"vtmPoolName": "Pool.Prd-WCWFE-114",
		"vtmNodesInPool_A": [
			"prdw2wfe089c9a.prd.advancedmd.com",
			"prdw2wfe0617e2.prd.advancedmd.com",
			"prdw2wfe00e2c5.prd.advancedmd.com"
		],
		"vtmNodesInPool_B": [
			"prdw2wfe0af582.prd.advancedmd.com",
			"prdw2wfe096477.prd.advancedmd.com",
			"prdw2wfe0fd752.prd.advancedmd.com"
		],
		"properties": [
			{
				"name": "CONSUL_ENV",
				"value": "prod"
			},
			{
				"name": "CONSUL_POD",
				"value": "WCWFE-114"
			},
			{
				"name": "sessionStateServer",
				"value": "WJ-SSS06.SLC1.Prod.Local"
			},
			{
				"name": "domain",
				"value": "prd"
			}
		]
	},
	{
		"vtmPoolName": "Pool.Prd-PMWFE-115",
		"vtmNodesInPool_A": [
			"prdw2wfe0e4970.prd.advancedmd.com",
			"prdw2wfe02bb57.prd.advancedmd.com",
			"prdw2wfe094002.prd.advancedmd.com"
		],
		"vtmNodesInPool_B": [
			"prdw2wfe053883.prd.advancedmd.com",
			"prdw2wfe0be853.prd.advancedmd.com",
			"prdw2wfe020850.prd.advancedmd.com"
		],
		"properties": [
			{
				"name": "CONSUL_ENV",
				"value": "prod"
			},
			{
				"name": "CONSUL_POD",
				"value": "PMWFE-115"
			},
			{
				"name": "sessionStateServer",
				"value": "WJ-SSS06.SLC1.Prod.Local"
			},
			{
				"name": "domain",
				"value": "prd"
			}
		]
	},
	{
		"vtmPoolName": "Pool.Prd-WCWFE-115",
		"vtmNodesInPool_A": [
			"prdw2wfe00fdd4.prd.advancedmd.com",
			"prdw2wfe0c7ccf.prd.advancedmd.com",
			"prdw2wfe03e4fe.prd.advancedmd.com"
		],
		"vtmNodesInPool_B": [
			"prdw2wfe09f69a.prd.advancedmd.com",
			"prdw2wfe0b5a74.prd.advancedmd.com",
			"prdw2wfe070ef7.prd.advancedmd.com"
		],
		"properties": [
			{
				"name": "CONSUL_ENV",
				"value": "prod"
			},
			{
				"name": "CONSUL_POD",
				"value": "WCWFE-115"
			},
			{
				"name": "sessionStateServer",
				"value": "WJ-SSS06.SLC1.Prod.Local"
			},
			{
				"name": "domain",
				"value": "prd"
			}
		]
	},
	{
		"vtmPoolName": "Pool.Prd-PMWFE-116",
		"vtmNodesInPool_A": [
			"prdw2wfe03c0b0.prd.advancedmd.com",
			"prdw2wfe0732e7.prd.advancedmd.com",
			"prdw2wfe010dde.prd.advancedmd.com"
		],
		"vtmNodesInPool_B": [
			"prdw2wfe059355.prd.advancedmd.com",
			"prdw2wfe0a909c.prd.advancedmd.com",
			"prdw2wfe08371b.prd.advancedmd.com"
		],
		"properties": [
			{
				"name": "CONSUL_ENV",
				"value": "prod"
			},
			{
				"name": "CONSUL_POD",
				"value": "PMWFE-116"
			},
			{
				"name": "sessionStateServer",
				"value": "WJ-SSS06.SLC1.Prod.Local"
			},
			{
				"name": "domain",
				"value": "prd"
			}
		]
	},
	{
		"vtmPoolName": "Pool.Prd-WCWFE-116",
		"vtmNodesInPool_A": [
			"prdw2wfe016fc1.prd.advancedmd.com",
			"prdw2wfe0fa7c6.prd.advancedmd.com",
			"prdw2wfe05ccf5.prd.advancedmd.com"
		],
		"vtmNodesInPool_B": [
			"prdw2wfe012334.prd.advancedmd.com",
			"prdw2wfe0da2cf.prd.advancedmd.com",
			"prdw2wfe02fd70.prd.advancedmd.com"
		],
		"properties": [
			{
				"name": "CONSUL_ENV",
				"value": "prod"
			},
			{
				"name": "CONSUL_POD",
				"value": "WCWFE-116"
			},
			{
				"name": "sessionStateServer",
				"value": "WJ-SSS06.SLC1.Prod.Local"
			},
			{
				"name": "domain",
				"value": "prd"
			}
		]
	},
	{
		"vtmPoolName": "Pool.Prd-PMWFE-117",
		"vtmNodesInPool_A": [
			"prdw2wfe06ce95.prd.advancedmd.com",
			"prdw2wfe06a368.prd.advancedmd.com",
			"prdw2wfe024b6b.prd.advancedmd.com"
		],
		"vtmNodesInPool_B": [
			"prdw2wfe04b169.prd.advancedmd.com",
			"prdw2wfe0c2340.prd.advancedmd.com",
			"prdw2wfe03c9b0.prd.advancedmd.com"
		],
		"properties": [
			{
				"name": "CONSUL_ENV",
				"value": "prod"
			},
			{
				"name": "CONSUL_POD",
				"value": "PMWFE-117"
			},
			{
				"name": "sessionStateServer",
				"value": "WJ-SSS06.SLC1.Prod.Local"
			},
			{
				"name": "domain",
				"value": "prd"
			}
		]
	},
	{
		"vtmPoolName": "Pool.Prd-WCWFE-117",
		"vtmNodesInPool_A": [
			"prdw2wfe00dfc7.prd.advancedmd.com",
			"prdw2wfe008aeb.prd.advancedmd.com",
			"prdw2wfe0a5b7d.prd.advancedmd.com"
		],
		"vtmNodesInPool_B": [
			"prdw2wfe023eb9.prd.advancedmd.com",
			"prdw2wfe0de48e.prd.advancedmd.com",
			"prdw2wfe01058e.prd.advancedmd.com"
		],
		"properties": [
			{
				"name": "CONSUL_ENV",
				"value": "prod"
			},
			{
				"name": "CONSUL_POD",
				"value": "WCWFE-117"
			},
			{
				"name": "sessionStateServer",
				"value": "WJ-SSS06.SLC1.Prod.Local"
			},
			{
				"name": "domain",
				"value": "prd"
			}
		]
	},
	{
		"vtmPoolName": "Pool.Prd-PMWFE-118",
		"vtmNodesInPool_A": [
			"prdw2wfe01aa71.prd.advancedmd.com",
			"prdw2wfe0c8e3c.prd.advancedmd.com",
			"prdw2wfe097e23.prd.advancedmd.com"
		],
		"vtmNodesInPool_B": [
			"prdw2wfe069063.prd.advancedmd.com",
			"prdw2wfe0990f0.prd.advancedmd.com",
			"prdw2wfe093924.prd.advancedmd.com"
		],
		"properties": [
			{
				"name": "CONSUL_ENV",
				"value": "prod"
			},
			{
				"name": "CONSUL_POD",
				"value": "PMWFE-118"
			},
			{
				"name": "sessionStateServer",
				"value": "WJ-SSS06.SLC1.Prod.Local"
			},
			{
				"name": "domain",
				"value": "prd"
			}
		]
	},
	{
		"vtmPoolName": "Pool.Prd-WCWFE-118",
		"vtmNodesInPool_A": [
			"prdw2wfe0dc608.prd.advancedmd.com",
			"prdw2wfe03c7f5.prd.advancedmd.com",
			"prdw2wfe04fdf7.prd.advancedmd.com"
		],
		"vtmNodesInPool_B": [
			"prdw2wfe031c67.prd.advancedmd.com",
			"prdw2wfe038759.prd.advancedmd.com",
			"prdw2wfe00f896.prd.advancedmd.com"
		],
		"properties": [
			{
				"name": "CONSUL_ENV",
				"value": "prod"
			},
			{
				"name": "CONSUL_POD",
				"value": "WCWFE-118"
			},
			{
				"name": "sessionStateServer",
				"value": "WJ-SSS06.SLC1.Prod.Local"
			},
			{
				"name": "domain",
				"value": "prd"
			}
		]
	},
	{
		"vtmPoolName": "Pool.Prd-PMWFE-119",
		"vtmNodesInPool_A": [
			"prdw2wfe01cb75.prd.advancedmd.com",
			"prdw2wfe04981f.prd.advancedmd.com",
			"prdw2wfe0d9845.prd.advancedmd.com"
		],
		"vtmNodesInPool_B": [
			"prdw2wfe050280.prd.advancedmd.com",
			"prdw2wfe0e5d21.prd.advancedmd.com",
			"prdw2wfe0f0a9a.prd.advancedmd.com"
		],
		"properties": [
			{
				"name": "CONSUL_ENV",
				"value": "prod"
			},
			{
				"name": "CONSUL_POD",
				"value": "PMWFE-119"
			},
			{
				"name": "sessionStateServer",
				"value": "WJ-SSS06.SLC1.Prod.Local"
			},
			{
				"name": "domain",
				"value": "prd"
			}
		]
	},
	{
		"vtmPoolName": "Pool.Prd-WCWFE-119",
		"vtmNodesInPool_A": [
			"prdw2wfe0cdd0c.prd.advancedmd.com",
			"prdw2wfe0c7150.prd.advancedmd.com",
			"prdw2wfe08f578.prd.advancedmd.com"
		],
		"vtmNodesInPool_B": [
			"prdw2wfe042e06.prd.advancedmd.com",
			"prdw2wfe0d9d39.prd.advancedmd.com",
			"prdw2wfe07fbce.prd.advancedmd.com"
		],
		"properties": [
			{
				"name": "CONSUL_ENV",
				"value": "prod"
			},
			{
				"name": "CONSUL_POD",
				"value": "WCWFE-119"
			},
			{
				"name": "sessionStateServer",
				"value": "WJ-SSS06.SLC1.Prod.Local"
			},
			{
				"name": "domain",
				"value": "prd"
			}
		]
	},
	{
		"vtmPoolName": "Pool.Prd-PMWFE-120",
		"vtmNodesInPool_A": [
			"prdw2wfe00ca07.prd.advancedmd.com",
			"prdw2wfe05e7a4.prd.advancedmd.com",
			"prdw2wfe0318f0.prd.advancedmd.com"
		],
		"vtmNodesInPool_B": [
			"prdw2wfe0d2633.prd.advancedmd.com",
			"prdw2wfe0f4336.prd.advancedmd.com",
			"prdw2wfe0e403e.prd.advancedmd.com"
		],
		"properties": [
			{
				"name": "CONSUL_ENV",
				"value": "prod"
			},
			{
				"name": "CONSUL_POD",
				"value": "PMWFE-120"
			},
			{
				"name": "sessionStateServer",
				"value": "WJ-SSS06.SLC1.Prod.Local"
			},
			{
				"name": "domain",
				"value": "prd"
			}
		]
	},
	{
		"vtmPoolName": "Pool.Prd-WCWFE-120",
		"vtmNodesInPool_A": [
			"prdw2wfe0b2029.prd.advancedmd.com",
			"prdw2wfe0e783f.prd.advancedmd.com",
			"prdw2wfe031b67.prd.advancedmd.com"
		],
		"vtmNodesInPool_B": [
			"prdw2wfe035226.prd.advancedmd.com",
			"prdw2wfe026f89.prd.advancedmd.com",
			"prdw2wfe003790.prd.advancedmd.com"
		],
		"properties": [
			{
				"name": "CONSUL_ENV",
				"value": "prod"
			},
			{
				"name": "CONSUL_POD",
				"value": "WCWFE-120"
			},
			{
				"name": "sessionStateServer",
				"value": "WJ-SSS06.SLC1.Prod.Local"
			},
			{
				"name": "domain",
				"value": "prd"
			}
		]
	},
	{
		"vtmPoolName": "Pool.Prd-PMWFE-121",
		"vtmNodesInPool_A": [
			"prdw2wfe00be22.prd.advancedmd.com",
			"prdw2wfe0ba92a.prd.advancedmd.com",
			"prdw2wfe059c2d.prd.advancedmd.com"
		],
		"vtmNodesInPool_B": [
			"prdw2wfe0a34b1.prd.advancedmd.com",
			"prdw2wfe0d8126.prd.advancedmd.com",
			"prdw2wfe08a10c.prd.advancedmd.com"
		],
		"properties": [
			{
				"name": "CONSUL_ENV",
				"value": "prod"
			},
			{
				"name": "CONSUL_POD",
				"value": "PMWFE-121"
			},
			{
				"name": "sessionStateServer",
				"value": "WJ-SSS06.SLC1.Prod.Local"
			},
			{
				"name": "domain",
				"value": "prd"
			}
		]
	},
	{
		"vtmPoolName": "Pool.Prd-WCWFE-121",
		"vtmNodesInPool_A": [
			"prdw2wfe0d3948.prd.advancedmd.com",
			"prdw2wfe08642c.prd.advancedmd.com",
			"prdw2wfe0ea82d.prd.advancedmd.com"
		],
		"vtmNodesInPool_B": [
			"prdw2wfe006da9.prd.advancedmd.com",
			"prdw2wfe0f4ba8.prd.advancedmd.com",
			"prdw2wfe03ec26.prd.advancedmd.com"
		],
		"properties": [
			{
				"name": "CONSUL_ENV",
				"value": "prod"
			},
			{
				"name": "CONSUL_POD",
				"value": "WCWFE-121"
			},
			{
				"name": "sessionStateServer",
				"value": "WJ-SSS06.SLC1.Prod.Local"
			},
			{
				"name": "domain",
				"value": "prd"
			}
		]
	},
	{
		"vtmPoolName": "Pool.Prd-PMWFE-122",
		"vtmNodesInPool_A": [
			"prdw2wfe0d164f.prd.advancedmd.com",
			"prdw2wfe0a94ca.prd.advancedmd.com",
			"prdw2wfe04a32f.prd.advancedmd.com"
		],
		"vtmNodesInPool_B": [
			"prdw2wfe002c64.prd.advancedmd.com",
			"prdw2wfe0b72ff.prd.advancedmd.com",
			"prdw2wfe0b2261.prd.advancedmd.com"
		],
		"properties": [
			{
				"name": "CONSUL_ENV",
				"value": "prod"
			},
			{
				"name": "CONSUL_POD",
				"value": "PMWFE-122"
			},
			{
				"name": "sessionStateServer",
				"value": "WJ-SSS06.SLC1.Prod.Local"
			},
			{
				"name": "domain",
				"value": "prd"
			}
		]
	},
	{
		"vtmPoolName": "Pool.Prd-WCWFE-122",
		"vtmNodesInPool_A": [
			"prdw2wfe083a70.prd.advancedmd.com",
			"prdw2wfe0732bb.prd.advancedmd.com",
			"prdw2wfe0108a4.prd.advancedmd.com"
		],
		"vtmNodesInPool_B": [
			"prdw2wfe03b667.prd.advancedmd.com",
			"prdw2wfe0fb279.prd.advancedmd.com",
			"prdw2wfe04dd06.prd.advancedmd.com"
		],
		"properties": [
			{
				"name": "CONSUL_ENV",
				"value": "prod"
			},
			{
				"name": "CONSUL_POD",
				"value": "WCWFE-122"
			},
			{
				"name": "sessionStateServer",
				"value": "WJ-SSS06.SLC1.Prod.Local"
			},
			{
				"name": "domain",
				"value": "prd"
			}
		]
	},
	{
		"vtmPoolName": "Pool.Prd-PMWFE-123",
		"vtmNodesInPool_A": [
			"prdw2wfe075f0b.prd.advancedmd.com",
			"prdw2wfe0c1957.prd.advancedmd.com",
			"prdw2wfe0cf5e9.prd.advancedmd.com"
		],
		"vtmNodesInPool_B": [
			"prdw2wfe0650f8.prd.advancedmd.com",
			"prdw2wfe0113c0.prd.advancedmd.com",
			"prdw2wfe0a47ed.prd.advancedmd.com"
		],
		"properties": [
			{
				"name": "CONSUL_ENV",
				"value": "prod"
			},
			{
				"name": "CONSUL_POD",
				"value": "PMWFE-123"
			},
			{
				"name": "sessionStateServer",
				"value": "WJ-SSS06.SLC1.Prod.Local"
			},
			{
				"name": "domain",
				"value": "prd"
			}
		]
	},
	{
		"vtmPoolName": "Pool.Prd-WCWFE-123",
		"vtmNodesInPool_A": [
			"prdw2wfe00ca1c.prd.advancedmd.com",
			"prdw2wfe04731b.prd.advancedmd.com",
			"prdw2wfe03fb02.prd.advancedmd.com"
		],
		"vtmNodesInPool_B": [
			"prdw2wfe094241.prd.advancedmd.com",
			"prdw2wfe0d41cf.prd.advancedmd.com",
			"prdw2wfe0cff45.prd.advancedmd.com"
		],
		"properties": [
			{
				"name": "CONSUL_ENV",
				"value": "prod"
			},
			{
				"name": "CONSUL_POD",
				"value": "WCWFE-123"
			},
			{
				"name": "sessionStateServer",
				"value": "WJ-SSS06.SLC1.Prod.Local"
			},
			{
				"name": "domain",
				"value": "prd"
			}
		]
	},
	{
		"vtmPoolName": "Pool.Prd-PMWFE-124",
		"vtmNodesInPool_A": [
			"prdw2wfe093f6f.prd.advancedmd.com",
			"prdw2wfe03a3c5.prd.advancedmd.com",
			"prdw2wfe046bca.prd.advancedmd.com"
		],
		"vtmNodesInPool_B": [
			"prdw2wfe057297.prd.advancedmd.com",
			"prdw2wfe0ba8f3.prd.advancedmd.com",
			"prdw2wfe0296ac.prd.advancedmd.com"
		],
		"properties": [
			{
				"name": "CONSUL_ENV",
				"value": "prod"
			},
			{
				"name": "CONSUL_POD",
				"value": "PMWFE-124"
			},
			{
				"name": "sessionStateServer",
				"value": "WJ-SSS06.SLC1.Prod.Local"
			},
			{
				"name": "domain",
				"value": "prd"
			}
		]
	},
	{
		"vtmPoolName": "Pool.Prd-WCWFE-124",
		"vtmNodesInPool_A": [
			"prdw2wfe0bc727.prd.advancedmd.com",
			"prdw2wfe0fdba8.prd.advancedmd.com",
			"prdw2wfe062670.prd.advancedmd.com"
		],
		"vtmNodesInPool_B": [
			"prdw2wfe0d6bd7.prd.advancedmd.com",
			"prdw2wfe0c8d9c.prd.advancedmd.com",
			"prdw2wfe0b9d62.prd.advancedmd.com"
		],
		"properties": [
			{
				"name": "CONSUL_ENV",
				"value": "prod"
			},
			{
				"name": "CONSUL_POD",
				"value": "WCWFE-124"
			},
			{
				"name": "sessionStateServer",
				"value": "WJ-SSS06.SLC1.Prod.Local"
			},
			{
				"name": "domain",
				"value": "prd"
			}
		]
	},
	{
		"vtmPoolName": "Pool.Prd-PMWFE-125",
		"vtmNodesInPool_A": [
			"prdw2wfe0e354d.prd.advancedmd.com",
			"prdw2wfe08790b.prd.advancedmd.com",
			"prdw2wfe07c2f1.prd.advancedmd.com"
		],
		"vtmNodesInPool_B": [
			"prdw2wfe0716b5.prd.advancedmd.com",
			"prdw2wfe06ac9c.prd.advancedmd.com",
			"prdw2wfe0ec567.prd.advancedmd.com"
		],
		"properties": [
			{
				"name": "CONSUL_ENV",
				"value": "prod"
			},
			{
				"name": "CONSUL_POD",
				"value": "PMWFE-125"
			},
			{
				"name": "sessionStateServer",
				"value": "WJ-SSS06.SLC1.Prod.Local"
			},
			{
				"name": "domain",
				"value": "prd"
			}
		]
	},
	{
		"vtmPoolName": "Pool.Prd-WCWFE-125",
		"vtmNodesInPool_A": [
			"prdw2wfe004205.prd.advancedmd.com",
			"prdw2wfe07a724.prd.advancedmd.com",
			"prdw2wfe01d400.prd.advancedmd.com"
		],
		"vtmNodesInPool_B": [
			"prdw2wfe076647.prd.advancedmd.com",
			"prdw2wfe0bfa7f.prd.advancedmd.com",
			"prdw2wfe09400a.prd.advancedmd.com"
		],
		"properties": [
			{
				"name": "CONSUL_ENV",
				"value": "prod"
			},
			{
				"name": "CONSUL_POD",
				"value": "WCWFE-125"
			},
			{
				"name": "sessionStateServer",
				"value": "WJ-SSS06.SLC1.Prod.Local"
			},
			{
				"name": "domain",
				"value": "prd"
			}
		]
	},
	{
		"vtmPoolName": "Pool.Prd-PMWFE-126",
		"vtmNodesInPool_A": [
			"prdw2wfe03c017.prd.advancedmd.com",
			"prdw2wfe0d8824.prd.advancedmd.com",
			"prdw2wfe081a54.prd.advancedmd.com"
		],
		"vtmNodesInPool_B": [
			"prdw2wfe09bd84.prd.advancedmd.com",
			"prdw2wfe015f40.prd.advancedmd.com",
			"prdw2wfe031525.prd.advancedmd.com"
		],
		"properties": [
			{
				"name": "CONSUL_ENV",
				"value": "prod"
			},
			{
				"name": "CONSUL_POD",
				"value": "PMWFE-126"
			},
			{
				"name": "sessionStateServer",
				"value": "WJ-SSS06.SLC1.Prod.Local"
			},
			{
				"name": "domain",
				"value": "prd"
			}
		]
	},
	{
		"vtmPoolName": "Pool.Prd-WCWFE-126",
		"vtmNodesInPool_A": [
			"prdw2wfe048af8.prd.advancedmd.com",
			"prdw2wfe04f68f.prd.advancedmd.com",
			"prdw2wfe0ed4bf.prd.advancedmd.com"
		],
		"vtmNodesInPool_B": [
			"prdw2wfe022fb7.prd.advancedmd.com",
			"prdw2wfe03c92b.prd.advancedmd.com",
			"prdw2wfe07a5c0.prd.advancedmd.com"
		],
		"properties": [
			{
				"name": "CONSUL_ENV",
				"value": "prod"
			},
			{
				"name": "CONSUL_POD",
				"value": "WCWFE-126"
			},
			{
				"name": "sessionStateServer",
				"value": "WJ-SSS06.SLC1.Prod.Local"
			},
			{
				"name": "domain",
				"value": "prd"
			}
		]
	},
	{
		"vtmPoolName": "Pool.Prd-PMWFE-127",
		"vtmNodesInPool_A": [
			"prdw2wfe0ec62b.prd.advancedmd.com",
			"prdw2wfe04e644.prd.advancedmd.com",
			"prdw2wfe08d862.prd.advancedmd.com"
		],
		"vtmNodesInPool_B": [
			"prdw2wfe0bfe43.prd.advancedmd.com",
			"prdw2wfe01df24.prd.advancedmd.com",
			"prdw2wfe0a1127.prd.advancedmd.com"
		],
		"properties": [
			{
				"name": "CONSUL_ENV",
				"value": "prod"
			},
			{
				"name": "CONSUL_POD",
				"value": "PMWFE-127"
			},
			{
				"name": "sessionStateServer",
				"value": "WJ-SSS06.SLC1.Prod.Local"
			},
			{
				"name": "domain",
				"value": "prd"
			}
		]
	},
	{
		"vtmPoolName": "Pool.Prd-WCWFE-127",
		"vtmNodesInPool_A": [
			"prdw2wfe0a43ff.prd.advancedmd.com",
			"prdw2wfe0a228b.prd.advancedmd.com",
			"prdw2wfe07d798.prd.advancedmd.com"
		],
		"vtmNodesInPool_B": [
			"prdw2wfe0f0327.prd.advancedmd.com",
			"prdw2wfe0997b9.prd.advancedmd.com",
			"prdw2wfe07b6b3.prd.advancedmd.com"
		],
		"properties": [
			{
				"name": "CONSUL_ENV",
				"value": "prod"
			},
			{
				"name": "CONSUL_POD",
				"value": "WCWFE-127"
			},
			{
				"name": "sessionStateServer",
				"value": "WJ-SSS06.SLC1.Prod.Local"
			},
			{
				"name": "domain",
				"value": "prd"
			}
		]
	},
	{
		"vtmPoolName": "Pool.Prd-PMWFE-128",
		"vtmNodesInPool_A": [
			"prdw2wfe0ce8fd.prd.advancedmd.com",
			"prdw2wfe0fde3c.prd.advancedmd.com",
			"prdw2wfe037068.prd.advancedmd.com"
		],
		"vtmNodesInPool_B": [
			"prdw2wfe0114df.prd.advancedmd.com",
			"prdw2wfe052513.prd.advancedmd.com",
			"prdw2wfe073153.prd.advancedmd.com"
		],
		"properties": [
			{
				"name": "CONSUL_ENV",
				"value": "prod"
			},
			{
				"name": "CONSUL_POD",
				"value": "PMWFE-128"
			},
			{
				"name": "sessionStateServer",
				"value": "WJ-SSS06.SLC1.Prod.Local"
			},
			{
				"name": "domain",
				"value": "prd"
			}
		]
	},
	{
		"vtmPoolName": "Pool.Prd-WCWFE-128",
		"vtmNodesInPool_A": [
			"prdw2wfe0b212c.prd.advancedmd.com",
			"prdw2wfe01df99.prd.advancedmd.com",
			"prdw2wfe03e52f.prd.advancedmd.com"
		],
		"vtmNodesInPool_B": [
			"prdw2wfe054bff.prd.advancedmd.com",
			"prdw2wfe0026f7.prd.advancedmd.com",
			"prdw2wfe05d395.prd.advancedmd.com"
		],
		"properties": [
			{
				"name": "CONSUL_ENV",
				"value": "prod"
			},
			{
				"name": "CONSUL_POD",
				"value": "WCWFE-128"
			},
			{
				"name": "sessionStateServer",
				"value": "WJ-SSS06.SLC1.Prod.Local"
			},
			{
				"name": "domain",
				"value": "prd"
			}
		]
	},
	{
		"vtmPoolName": "Pool.Prd-PMWFE-129",
		"vtmNodesInPool_A": [
			"prdw2wfe0eec6e.prd.advancedmd.com",
			"prdw2wfe0999d1.prd.advancedmd.com",
			"prdw2wfe0653ef.prd.advancedmd.com"
		],
		"vtmNodesInPool_B": [
			"prdw2wfe0bb1df.prd.advancedmd.com",
			"prdw2wfe0d1983.prd.advancedmd.com",
			"prdw2wfe04d6ac.prd.advancedmd.com"
		],
		"properties": [
			{
				"name": "CONSUL_ENV",
				"value": "prod"
			},
			{
				"name": "CONSUL_POD",
				"value": "PMWFE-129"
			},
			{
				"name": "sessionStateServer",
				"value": "WJ-SSS06.SLC1.Prod.Local"
			},
			{
				"name": "domain",
				"value": "prd"
			}
		]
	},
	{
		"vtmPoolName": "Pool.Prd-WCWFE-129",
		"vtmNodesInPool_A": [
			"prdw2wfe0952ee.prd.advancedmd.com",
			"prdw2wfe054b89.prd.advancedmd.com",
			"prdw2wfe0e6c66.prd.advancedmd.com"
		],
		"vtmNodesInPool_B": [
			"prdw2wfe0bad52.prd.advancedmd.com",
			"prdw2wfe0a17b7.prd.advancedmd.com",
			"prdw2wfe02e42a.prd.advancedmd.com"
		],
		"properties": [
			{
				"name": "CONSUL_ENV",
				"value": "prod"
			},
			{
				"name": "CONSUL_POD",
				"value": "WCWFE-129"
			},
			{
				"name": "sessionStateServer",
				"value": "WJ-SSS06.SLC1.Prod.Local"
			},
			{
				"name": "domain",
				"value": "prd"
			}
		]
	},
	{
		"vtmPoolName": "Pool.Prd-PMWFE-130",
		"vtmNodesInPool_A": [
			"prdw2wfe0efe25.prd.advancedmd.com",
			"prdw2wfe0b8f32.prd.advancedmd.com",
			"prdw2wfe08dddd.prd.advancedmd.com"
		],
		"vtmNodesInPool_B": [
			"prdw2wfe0f47ef.prd.advancedmd.com",
			"prdw2wfe048a15.prd.advancedmd.com",
			"prdw2wfe0d878e.prd.advancedmd.com"
		],
		"properties": [
			{
				"name": "CONSUL_ENV",
				"value": "prod"
			},
			{
				"name": "CONSUL_POD",
				"value": "PMWFE-130"
			},
			{
				"name": "sessionStateServer",
				"value": "WJ-SSS06.SLC1.Prod.Local"
			},
			{
				"name": "domain",
				"value": "prd"
			}
		]
	},
	{
		"vtmPoolName": "Pool.Prd-WCWFE-130",
		"vtmNodesInPool_A": [
			"prdw2wfe070adb.prd.advancedmd.com",
			"prdw2wfe00da97.prd.advancedmd.com",
			"prdw2wfe086457.prd.advancedmd.com"
		],
		"vtmNodesInPool_B": [
			"prdw2wfe0780ed.prd.advancedmd.com",
			"prdw2wfe0ff82e.prd.advancedmd.com",
			"prdw2wfe0000f5.prd.advancedmd.com"
		],
		"properties": [
			{
				"name": "CONSUL_ENV",
				"value": "prod"
			},
			{
				"name": "CONSUL_POD",
				"value": "WCWFE-130"
			},
			{
				"name": "sessionStateServer",
				"value": "WJ-SSS06.SLC1.Prod.Local"
			},
			{
				"name": "domain",
				"value": "prd"
			}
		]
	},
	{
		"vtmPoolName": "Pool.Prd-PMWFE-131",
		"vtmNodesInPool_A": [
			"prdw2wfe0cceeb.prd.advancedmd.com",
			"prdw2wfe057ba0.prd.advancedmd.com",
			"prdw2wfe055169.prd.advancedmd.com"
		],
		"vtmNodesInPool_B": [
			"prdw2wfe030b2b.prd.advancedmd.com",
			"prdw2wfe000352.prd.advancedmd.com",
			"prdw2wfe09c5a2.prd.advancedmd.com"
		],
		"properties": [
			{
				"name": "CONSUL_ENV",
				"value": "prod"
			},
			{
				"name": "CONSUL_POD",
				"value": "PMWFE-131"
			},
			{
				"name": "sessionStateServer",
				"value": "WJ-SSS06.SLC1.Prod.Local"
			},
			{
				"name": "domain",
				"value": "prd"
			}
		]
	},
	{
		"vtmPoolName": "Pool.Prd-WCWFE-131",
		"vtmNodesInPool_A": [
			"prdw2wfe08789b.prd.advancedmd.com",
			"prdw2wfe002993.prd.advancedmd.com",
			"prdw2wfe0622db.prd.advancedmd.com"
		],
		"vtmNodesInPool_B": [
			"prdw2wfe0214ac.prd.advancedmd.com",
			"prdw2wfe02d9bf.prd.advancedmd.com",
			"prdw2wfe0446d6.prd.advancedmd.com"
		],
		"properties": [
			{
				"name": "CONSUL_ENV",
				"value": "prod"
			},
			{
				"name": "CONSUL_POD",
				"value": "WCWFE-131"
			},
			{
				"name": "sessionStateServer",
				"value": "WJ-SSS06.SLC1.Prod.Local"
			},
			{
				"name": "domain",
				"value": "prd"
			}
		]
	},
	{
		"vtmPoolName": "Pool.Prd-PMWFE-132",
		"vtmNodesInPool_A": [
			"prdw2wfe050158.prd.advancedmd.com",
			"prdw2wfe06b535.prd.advancedmd.com",
			"prdw2wfe0f8d7d.prd.advancedmd.com"
		],
		"vtmNodesInPool_B": [
			"prdw2wfe02e750.prd.advancedmd.com",
			"prdw2wfe0faa44.prd.advancedmd.com",
			"prdw2wfe07887a.prd.advancedmd.com"
		],
		"properties": [
			{
				"name": "CONSUL_ENV",
				"value": "prod"
			},
			{
				"name": "CONSUL_POD",
				"value": "PMWFE-132"
			},
			{
				"name": "sessionStateServer",
				"value": "WJ-SSS06.SLC1.Prod.Local"
			},
			{
				"name": "domain",
				"value": "prd"
			}
		]
	},
	{
		"vtmPoolName": "Pool.Prd-WCWFE-132",
		"vtmNodesInPool_A": [
			"prdw2wfe03ab4b.prd.advancedmd.com",
			"prdw2wfe0e6ffe.prd.advancedmd.com",
			"prdw2wfe0627bc.prd.advancedmd.com"
		],
		"vtmNodesInPool_B": [
			"prdw2wfe066f61.prd.advancedmd.com",
			"prdw2wfe0624ac.prd.advancedmd.com",
			"prdw2wfe0f2e53.prd.advancedmd.com"
		],
		"properties": [
			{
				"name": "CONSUL_ENV",
				"value": "prod"
			},
			{
				"name": "CONSUL_POD",
				"value": "WCWFE-132"
			},
			{
				"name": "sessionStateServer",
				"value": "WJ-SSS06.SLC1.Prod.Local"
			},
			{
				"name": "domain",
				"value": "prd"
			}
		]
	},
	{
		"vtmPoolName": "Pool.Prd-PMWFE-133",
		"vtmNodesInPool_A": [
			"prdw2wfe0c9eca.prd.advancedmd.com",
			"prdw2wfe04027b.prd.advancedmd.com",
			"prdw2wfe0a9788.prd.advancedmd.com"
		],
		"vtmNodesInPool_B": [
			"prdw2wfe0bb162.prd.advancedmd.com",
			"prdw2wfe001baf.prd.advancedmd.com",
			"prdw2wfe016e13.prd.advancedmd.com"
		],
		"properties": [
			{
				"name": "CONSUL_ENV",
				"value": "prod"
			},
			{
				"name": "CONSUL_POD",
				"value": "PMWFE-133"
			},
			{
				"name": "sessionStateServer",
				"value": "WJ-SSS06.SLC1.Prod.Local"
			},
			{
				"name": "domain",
				"value": "prd"
			}
		]
	},
	{
		"vtmPoolName": "Pool.Prd-WCWFE-133",
		"vtmNodesInPool_A": [
			"prdw2wfe05e600.prd.advancedmd.com",
			"prdw2wfe074d0b.prd.advancedmd.com",
			"prdw2wfe0e5ca0.prd.advancedmd.com"
		],
		"vtmNodesInPool_B": [
			"prdw2wfe090bf7.prd.advancedmd.com",
			"prdw2wfe03e7b7.prd.advancedmd.com",
			"prdw2wfe044a7e.prd.advancedmd.com"
		],
		"properties": [
			{
				"name": "CONSUL_ENV",
				"value": "prod"
			},
			{
				"name": "CONSUL_POD",
				"value": "WCWFE-133"
			},
			{
				"name": "sessionStateServer",
				"value": "WJ-SSS06.SLC1.Prod.Local"
			},
			{
				"name": "domain",
				"value": "prd"
			}
		]
	},
	{
		"vtmPoolName": "Pool.Prd-PMWFE-134",
		"vtmNodesInPool_A": [
			"prdw2wfe024361.prd.advancedmd.com",
			"prdw2wfe0d1819.prd.advancedmd.com",
			"prdw2wfe07719a.prd.advancedmd.com"
		],
		"vtmNodesInPool_B": [
			"prdw2wfe0a195c.prd.advancedmd.com",
			"prdw2wfe0f8ccd.prd.advancedmd.com",
			"prdw2wfe0bdec9.prd.advancedmd.com"
		],
		"properties": [
			{
				"name": "CONSUL_ENV",
				"value": "prod"
			},
			{
				"name": "CONSUL_POD",
				"value": "PMWFE-134"
			},
			{
				"name": "sessionStateServer",
				"value": "WJ-SSS06.SLC1.Prod.Local"
			},
			{
				"name": "domain",
				"value": "prd"
			}
		]
	},
	{
		"vtmPoolName": "Pool.Prd-WCWFE-134",
		"vtmNodesInPool_A": [
			"prdw2wfe0e92ee.prd.advancedmd.com",
			"prdw2wfe03e57b.prd.advancedmd.com",
			"prdw2wfe05ac5d.prd.advancedmd.com"
		],
		"vtmNodesInPool_B": [
			"prdw2wfe045658.prd.advancedmd.com",
			"prdw2wfe0a4c1a.prd.advancedmd.com",
			"prdw2wfe0adda0.prd.advancedmd.com"
		],
		"properties": [
			{
				"name": "CONSUL_ENV",
				"value": "prod"
			},
			{
				"name": "CONSUL_POD",
				"value": "WCWFE-134"
			},
			{
				"name": "sessionStateServer",
				"value": "WJ-SSS06.SLC1.Prod.Local"
			},
			{
				"name": "domain",
				"value": "prd"
			}
		]
	},
	{
		"vtmPoolName": "Pool.Prd-PMWFE-135",
		"vtmNodesInPool_A": [
			"prdw2wfe01b32b.prd.advancedmd.com",
			"prdw2wfe035712.prd.advancedmd.com",
			"prdw2wfe06f22b.prd.advancedmd.com"
		],
		"vtmNodesInPool_B": [
			"prdw2wfe038a94.prd.advancedmd.com",
			"prdw2wfe0f7d1b.prd.advancedmd.com",
			"prdw2wfe062a20.prd.advancedmd.com"
		],
		"properties": [
			{
				"name": "CONSUL_ENV",
				"value": "prod"
			},
			{
				"name": "CONSUL_POD",
				"value": "PMWFE-135"
			},
			{
				"name": "sessionStateServer",
				"value": "WJ-SSS06.SLC1.Prod.Local"
			},
			{
				"name": "domain",
				"value": "prd"
			}
		]
	},
	{
		"vtmPoolName": "Pool.Prd-WCWFE-135",
		"vtmNodesInPool_A": [
			"prdw2wfe0a8acd.prd.advancedmd.com",
			"prdw2wfe0e0a11.prd.advancedmd.com",
			"prdw2wfe004416.prd.advancedmd.com"
		],
		"vtmNodesInPool_B": [
			"prdw2wfe0ebe5b.prd.advancedmd.com",
			"prdw2wfe0823a9.prd.advancedmd.com",
			"prdw2wfe0e35e9.prd.advancedmd.com"
		],
		"properties": [
			{
				"name": "CONSUL_ENV",
				"value": "prod"
			},
			{
				"name": "CONSUL_POD",
				"value": "WCWFE-135"
			},
			{
				"name": "sessionStateServer",
				"value": "WJ-SSS06.SLC1.Prod.Local"
			},
			{
				"name": "domain",
				"value": "prd"
			}
		]
	},
	{
		"vtmPoolName": "Pool.Prd-PMWFE-136",
		"vtmNodesInPool_A": [
			"prdw2wfe0eaf7d.prd.advancedmd.com",
			"prdw2wfe04a183.prd.advancedmd.com",
			"prdw2wfe0e07f9.prd.advancedmd.com"
		],
		"vtmNodesInPool_B": [
			"prdw2wfe0f8eca.prd.advancedmd.com",
			"prdw2wfe0adba6.prd.advancedmd.com",
			"prdw2wfe0dc6c5.prd.advancedmd.com"
		],
		"properties": [
			{
				"name": "CONSUL_ENV",
				"value": "prod"
			},
			{
				"name": "CONSUL_POD",
				"value": "PMWFE-136"
			},
			{
				"name": "sessionStateServer",
				"value": "WJ-SSS06.SLC1.Prod.Local"
			},
			{
				"name": "domain",
				"value": "prd"
			}
		]
	},
	{
		"vtmPoolName": "Pool.Prd-WCWFE-136",
		"vtmNodesInPool_A": [
			"prdw2wfe0f6d2c.prd.advancedmd.com",
			"prdw2wfe03fce1.prd.advancedmd.com",
			"prdw2wfe09d750.prd.advancedmd.com"
		],
		"vtmNodesInPool_B": [
			"prdw2wfe0d110c.prd.advancedmd.com",
			"prdw2wfe0bdad8.prd.advancedmd.com",
			"prdw2wfe0e078a.prd.advancedmd.com"
		],
		"properties": [
			{
				"name": "CONSUL_ENV",
				"value": "prod"
			},
			{
				"name": "CONSUL_POD",
				"value": "WCWFE-136"
			},
			{
				"name": "sessionStateServer",
				"value": "WJ-SSS06.SLC1.Prod.Local"
			},
			{
				"name": "domain",
				"value": "prd"
			}
		]
	},
	{
		"vtmPoolName": "Pool.Prd-PMWFE-999",
		"vtmNodesInPool_A": [
			"prdw2wfe0bc82f.prd.advancedmd.com"
		],
		"vtmNodesInPool_B": [
			"prdw2wfe0c5c4b.prd.advancedmd.com"
		],
		"properties": [
			{
				"name": "CONSUL_ENV",
				"value": "prod"
			},
			{
				"name": "CONSUL_POD",
				"value": "PMWFE-999"
			},
			{
				"name": "sessionStateServer",
				"value": "WJ-SSS06.SLC1.Prod.Local"
			},
			{
				"name": "domain",
				"value": "prd"
			}
		]
	},
	{
		"vtmPoolName": "Pool.Prd-WCWFE-999",
		"vtmNodesInPool_A": [
			"prdw2wfe076cde.prd.advancedmd.com"
		],
		"vtmNodesInPool_B": [
			"prdw2wfe0e19fe.prd.advancedmd.com"
		],
		"properties": [
			{
				"name": "CONSUL_ENV",
				"value": "prod"
			},
			{
				"name": "CONSUL_POD",
				"value": "WCWFE-999"
			},
			{
				"name": "sessionStateServer",
				"value": "WJ-SSS06.SLC1.Prod.Local"
			},
			{
				"name": "domain",
				"value": "prd"
			}
		]
	},
	{
		"vtmPoolName": "Pool.Prd-Mobile-01",
		"vtmNodesInPool_A": [
			"CB-MB01.slc1.prod.local",
			"CB-MB02.slc1.prod.local",
			"CB-MB03.slc1.prod.local"
		],
		"vtmNodesInPool_B": [
			"CB-MB04.slc1.prod.local",
			"WJ-WF015.slc1.prod.local",
			"WJ-WF017.slc1.prod.local"
		],
		"properties": [
			{
				"name": "CONSUL_ENV",
				"value": "prod"
			},
			{
				"name": "CONSUL_POD",
				"value": "Mobile-001"
			},
			{
				"name": "sessionStateServer",
				"value": "WJ-SSS01.SLC1.Prod.Local"
			},
			{
				"name": "domain",
				"value": "slc1"
			}
		]
	},
	{
		"vtmPoolName": "Pool.Prd-Mobile-100",
		"vtmNodesInPool_A": [],
		"vtmNodesInPool_B": [],
		"properties": [
			{
				"name": "CONSUL_ENV",
				"value": "prod"
			},
			{
				"name": "CONSUL_POD",
				"value": "Mobile-100"
			},
			{
				"name": "sessionStateServer",
				"value": "prd-listsss02.prd.advancedmd.com"
			},
			{
				"name": "domain",
				"value": "slc1"
			}
		]
	},
	{
		"vtmPoolName": "Pool.Prd-API-01",
		"vtmNodesInPool_A": [
			"CB-API01.slc1.prod.local",
			"CB-API02.slc1.prod.local",
			"CB-API03.slc1.prod.local",
			"CB-API04.slc1.prod.local",
			"WJ-WF021.slc1.prod.local"
		],
		"vtmNodesInPool_B": [
			"CB-API05.slc1.prod.local",
			"CB-API07.slc1.prod.local",
			"CB-API08.slc1.prod.local",
			"WJ-WF016.slc1.prod.local"
		],
		"properties": [
			{
				"name": "CONSUL_ENV",
				"value": "prod"
			},
			{
				"name": "CONSUL_POD",
				"value": "API-001"
			},
			{
				"name": "sessionStateServer",
				"value": "WJ-SSS01.SLC1.Prod.Local"
			},
			{
				"name": "domain",
				"value": "slc1"
			}
		]
	},
	{
		"vtmPoolName": "Pool.Prd-API-100",
		"vtmNodesInPool_A": [
			""
		],
		"vtmNodesInPool_B": [
			""
		],
		"properties": [
			{
				"name": "CONSUL_ENV",
				"value": "prod"
			},
			{
				"name": "CONSUL_POD",
				"value": "API-100"
			},
			{
				"name": "sessionStateServer",
				"value": "prd-listsss02.prd.advancedmd.com"
			},
			{
				"name": "domain",
				"value": "slc1"
			}
		]
	},
	{
		"vtmPoolName": "Pool.sl1-rs05-7.0",
		"vtmNodesInPool_A": [
			"WJ-RS25.slc1.prod.local",
			"WJ-RS28.slc1.prod.local",
			"WJ-RS31.slc1.prod.local"
		],
		"vtmNodesInPool_B": [
			"WJ-RS32.slc1.prod.local",
			"WJ-RS34.slc1.prod.local"
		],
		"properties": [
			{
				"name": "CONSUL_ENV",
				"value": "prod"
			},
			{
				"name": "CONSUL_POD",
				"value": "RS-005"
			},
			{
				"name": "sessionStateServer",
				"value": ""
			},
			{
				"name": "domain",
				"value": "slc1"
			}
		]
	},
	{
		"vtmPoolName": "Pool.sl1-rs06-7.0",
		"vtmNodesInPool_A": [
			"WJ-RS38.slc1.prod.local",
			"WJ-RS41.slc1.prod.local",
			"WJ-RS43.slc1.prod.local"
		],
		"vtmNodesInPool_B": [
			"WJ-RS44.slc1.prod.local",
			"WJ-RS48.slc1.prod.local"
		],
		"properties": [
			{
				"name": "CONSUL_ENV",
				"value": "prod"
			},
			{
				"name": "CONSUL_POD",
				"value": "RS-006"
			},
			{
				"name": "sessionStateServer",
				"value": ""
			},
			{
				"name": "domain",
				"value": "slc1"
			}
		]
	},
	{
		"vtmPoolName": "Pool.sl1-rs07-7.0-MEDSTAR",
		"vtmNodesInPool_A": [
			"WJ-RS26.slc1.prod.local"
		],
		"vtmNodesInPool_B": [
			"WJ-RS42.slc1.prod.local"
		],
		"properties": [
			{
				"name": "CONSUL_ENV",
				"value": "prod"
			},
			{
				"name": "CONSUL_POD",
				"value": "RS-007"
			},
			{
				"name": "sessionStateServer",
				"value": ""
			},
			{
				"name": "domain",
				"value": "slc1"
			}
		]
	},
	{
		"vtmPoolName": "Pool.o-sl1-portal01",
		"vtmNodesInPool_A": [
			"C-PRT01.slc1.prod.local"
		],
		"vtmNodesInPool_B": [
			"C-PRT02.slc1.prod.local"
		],
		"properties": [
			{
				"name": "CONSUL_ENV",
				"value": "prod"
			},
			{
				"name": "CONSUL_POD",
				"value": "Port-001"
			},
			{
				"name": "sessionStateServer",
				"value": ""
			},
			{
				"name": "domain",
				"value": "slc1"
			}
		]
	},
	{
		"vtmPoolName": "Pool.LOGIN-APP",
		"vtmNodesInPool_A": [
			"CB-MB03.slc1.prod.local",
			"WJ-PM002.slc1.prod.local",
			"WJ-PM001.slc1.prod.local"
		],
		"vtmNodesInPool_B": [
			"WJ-PM004.slc1.prod.local",
			"WJ-PM005.slc1.prod.local"
		],
		"properties": [
			{
				"name": "CONSUL_ENV",
				"value": "prod"
			},
			{
				"name": "CONSUL_POD",
				"value": "Login-001"
			},
			{
				"name": "sessionStateServer",
				"value": ""
			},
			{
				"name": "domain",
				"value": "slc1"
			}
		]
	},
	{
		"vtmPoolName": "Pool.LOGIN-APP-AWS",
		"vtmNodesInPool_A": [
			"prdw2wfe0210db.prd.advancedmd.com",
			"prdw2wfe0311a3.prd.advancedmd.com"
		],
		"vtmNodesInPool_B": [
			"prdw2wfe0121cd.prd.advancedmd.com",
			"prdw2wfe0b5952.prd.advancedmd.com"
		],
		"properties": [
			{
				"name": "CONSUL_ENV",
				"value": "prod"
			},
			{
				"name": "CONSUL_POD",
				"value": "empty"
			},
			{
				"name": "sessionStateServer",
				"value": "empty"
			},
			{
				"name": "domain",
				"value": "aws"
			}
		]
	}
]