[
  {
    "vtmPoolName": "TESTPOOL",
    "vtmNodesInPool_A": [
      "EP-TestA"
    ],
    "vtmNodesInPool_B": [
      "EP-TestB"
    ],
    "properties": [
      {
        "name": "CONSUL_ENV",
        "value": "nostalgic"
      },
      {
        "name": "CONSUL_POD",
        "value": "cake"
      },
      {
        "name": "sessionStateServer",
        "value": "st-sss01.lean.advancedmd"
      },
      {
        "name": "domain",
        "value": "POC"
      }
    ]
  },
  {
    "vtmPoolName": "HelpUs",
    "vtmNodesInPool_A": [
      "MichaelHeaton-node01"
    ],
    "vtmNodesInPool_B": [
      "dcostest-tfebe6-pubagt-1",
      "dcostest-tfebe6-master-2"
    ],
    "properties": [
      {
        "name": "CONSUL_ENV",
        "value": "nostalgic"
      },
      {
        "name": "CONSUL_POD",
        "value": "cake"
      },
      {
        "name": "sessionStateServer",
        "value": "st-sss01.lean.advancedmd"
      },
      {
        "name": "domain",
        "value": "POC"
      }
    ]
  },
  {
    "vtmPoolName": "EP.POC",
    "vtmNodesInPool_A": [
      "dcostest-tfebe6-master-1",
      "tim-test-apache",
      "dcostest-tfebe6-pvtagt-4"
    ],
    "vtmNodesInPool_B": [
      "OC Web App Prototype",
      "dcostest-tfebe6-pvtagt-1",
      "dcostest-tfebe6-pubagt-2",
      "tim-test-tomcat"
    ],
    "properties": [
      {
        "name": "CONSUL_ENV",
        "value": "nostalgic"
      },
      {
        "name": "CONSUL_POD",
        "value": "cake"
      },
      {
        "name": "sessionStateServer",
        "value": "st-sss01.lean.advancedmd"
      },
      {
        "name": "domain",
        "value": "POC"
      }
    ]
  },
  {
    "vtmPoolName": "AH.POC",
    "vtmNodesInPool_A": [
      "UbuntuOCDB",
      "dcostest-tfebe6-master-3",
      "Tury's Box",
      "Avinash-NetCore"
    ],
    "vtmNodesInPool_B": [
      "Avinash-DotNetCore",
      "dcostest-tfebe6-pvtagt-2",
      "ubuntu-test-tomcat",
      "Choco-Server-POC"
    ],
    "properties": [
      {
        "name": "CONSUL_ENV",
        "value": "nostalgic"
      },
      {
        "name": "CONSUL_POD",
        "value": "cake"
      },
      {
        "name": "sessionStateServer",
        "value": "st-sss01.lean.advancedmd"
      },
      {
        "name": "domain",
        "value": "POC"
      }
    ]
  },
  {
    "vtmPoolName": "Test6",
    "vtmNodesInPool_A": [
      "dcostest-tfebe6-pvtagt-3",
      "choco-test-poc",
      "eftestagent-poc"
    ],
    "vtmNodesInPool_B": [
      "dcostest-tfebe6-bootstrap",
      "EP OC Jenkins Server",
      "Mross-TS-Box"
    ],
    "properties": [
      {
        "name": "CONSUL_ENV",
        "value": "nostalgic"
      },
      {
        "name": "CONSUL_POD",
        "value": "cake"
      },
      {
        "name": "sessionStateServer",
        "value": "st-sss01.lean.advancedmd"
      },
      {
        "name": "domain",
        "value": "POC"
      }
    ]
  }
]

