[
    {
        "node": "WJ-WF033.slc1.prod.local",
        "vtmPoolName": "Pool.Prd-APP01",
        "AZ": "A"
    },
    {
        "node": "WJ-WF061.slc1.prod.local",
        "vtmPoolName": "Pool.Prd-APP01",
        "AZ": "B"
    },
    {
        "node": "CB-EHR20.SLC1.Prod.Local",
        "vtmPoolName": "Pool.Prd-EHR01",
        "AZ": "A"
    },
    {
        "node": "CB-EHR21.SLC1.Prod.Local",
        "vtmPoolName": "Pool.Prd-EHR01",
        "AZ": "B"
    },
    {
        "node": "prdw2wfe00f3f9.prd.advancedmd.com",
        "vtmPoolName": "Pool.Prd-PMWFE-100",
        "AZ": "A"
    },
    {
        "node": "prdw2wfe05133b.prd.advancedmd.com",
        "vtmPoolName": "Pool.Prd-PMWFE-100",
        "AZ": "A"
    },
    {
        "node": "prdw2wfe00b5e2.prd.advancedmd.com",
        "vtmPoolName": "Pool.Prd-PMWFE-100",
        "AZ": "A"
    },
    {
        "node": "prdw2wfe08c183.prd.advancedmd.com",
        "vtmPoolName": "Pool.Prd-PMWFE-100",
        "AZ": "A"
    },
    {
        "node": "prdw2wfe0b65ef.prd.advancedmd.com",
        "vtmPoolName": "Pool.Prd-PMWFE-100",
        "AZ": "A"
    },
    {
        "node": "prdw2wfe0164ea.prd.advancedmd.com",
        "vtmPoolName": "Pool.Prd-PMWFE-100",
        "AZ": "B"
    },
    {
        "node": "prdw2wfe090d80.prd.advancedmd.com",
        "vtmPoolName": "Pool.Prd-PMWFE-100",
        "AZ": "B"
    },
    {
        "node": "prdw2wfe095dbf.prd.advancedmd.com",
        "vtmPoolName": "Pool.Prd-PMWFE-100",
        "AZ": "B"
    },
    {
        "node": "prdw2wfe0b9844.prd.advancedmd.com",
        "vtmPoolName": "Pool.Prd-PMWFE-100",
        "AZ": "B"
    },
    {
        "node": "prdw2wfe0fc05f.prd.advancedmd.com",
        "vtmPoolName": "Pool.Prd-PMWFE-100",
        "AZ": "B"
    }
]