[
  {
    "vtmPoolName": "Pool.Prd-PMWFE-100",
    "vtmNodesInPool_A": [
      "prdw2wfe00f3f9.prd.advancedmd.com",
      "prdw2wfe05133b.prd.advancedmd.com",
      "prdw2wfe00b5e2.prd.advancedmd.com",
      "prdw2wfe08c183.prd.advancedmd.com",
      "prdw2wfe0b65ef.prd.advancedmd.com"
    ],
    "vtmNodesInPool_B": [
      "prdw2wfe0164ea.prd.advancedmd.com",
      "prdw2wfe090d80.prd.advancedmd.com",
      "prdw2wfe095dbf.prd.advancedmd.com",
      "prdw2wfe0b9844.prd.advancedmd.com",
      "prdw2wfe0fc05f.prd.advancedmd.com"
    ],
    "properties": [
      {
        "name": "ASPNETCORE_ENVIRONMENT",
        "value": "Production"
      },
      {
        "name": "CONSUL_ENV",
        "value": "prod"
      },
      {
        "name": "CONSUL_POD",
        "value": "empty"
      },
      {
        "name": "sessionStateServer",
        "value": "empty"
      },
      {
        "name": "domain",
        "value": "aws"
      }
    ]
  },
  {
    "vtmPoolName": "Pool.Prd-PMWFE-101",
    "vtmNodesInPool_A": [],
    "vtmNodesInPool_B": [],
    "properties": [
      {
        "name": "ASPNETCORE_ENVIRONMENT",
        "value": "Production"
      },
      {
        "name": "CONSUL_ENV",
        "value": "prod"
      },
      {
        "name": "CONSUL_POD",
        "value": "empty"
      },
      {
        "name": "sessionStateServer",
        "value": "empty"
      },
      {
        "name": "domain",
        "value": "aws"
      }
    ]
  }
]